dataset_name,display_name,algorithm_name,algorithm_display_name,seed,n_classes,test_samples,test_features,training_time_seconds,selected_validation_accuracy,selection_metric,grid_size,selected_search_iteration,warning_count,warnings,model_params,accuracy,precision_macro,recall_macro,f1_macro,precision_weighted,recall_weighted,f1_weighted,positive_label,precision_binary,recall_binary,f1_binary
breast_cancer,Breast Cancer Wisconsin,mlp_classifier,MLP,42,2,114,30,0.11446537599999829,0.9736842105263158,validation_accuracy,5,4,0,,"{""activation"": ""tanh"", ""alpha"": 0.0001, ""hidden_layer_sizes"": [64], ""learning_rate_init"": 0.01, ""max_iter"": 500, ""random_state"": 42}",0.9824561403508771,0.9864864864864865,0.9761904761904762,0.9809555629802873,0.9829302987197724,0.9824561403508771,0.9823623542652152,M,1.0,0.9523809523809523,0.975609756097561
breast_cancer,Breast Cancer Wisconsin,rbf_network,RBF Network,42,2,114,30,0.06537552800000412,0.9385964912280702,validation_accuracy,5,2,0,,"{""gamma"": null, ""n_centers"": 4, ""random_state"": 42}",0.9210526315789473,0.9169729368526562,0.9126984126984127,0.9147486497714998,0.9207976506585542,0.9210526315789473,0.9208492773270941,M,0.9024390243902439,0.8809523809523809,0.891566265060241
breast_cancer,Breast Cancer Wisconsin,fuzzy_cmeans,Fuzzy C-Means,42,2,114,30,0.11182699100004356,0.9385964912280702,validation_accuracy,5,1,0,,"{""m"": 1.5, ""n_clusters"": 2, ""random_state"": 42}",0.9122807017543859,0.920940170940171,0.8908730158730158,0.9025641025641026,0.9147548358074673,0.9122807017543859,0.9106612685560054,M,0.9444444444444444,0.8095238095238095,0.8717948717948718
breast_cancer,Breast Cancer Wisconsin,sugeno_o0,Sugeno_O0,42,2,114,30,0.03468584900002725,0.9298245614035088,validation_accuracy,5,4,0,,"{""n_rules"": 8, ""random_state"": 42, ""sigma_scale"": 1.0}",0.9210526315789473,0.9444444444444444,0.8928571428571428,0.9105882352941177,0.9298245614035088,0.9210526315789473,0.9186377708978327,M,1.0,0.7857142857142857,0.88
breast_cancer,Breast Cancer Wisconsin,mlp_classifier,MLP,43,2,114,30,0.2640279949999922,0.9824561403508771,validation_accuracy,5,1,0,,"{""activation"": ""relu"", ""alpha"": 0.0001, ""hidden_layer_sizes"": [32], ""learning_rate_init"": 0.001, ""max_iter"": 500, ""random_state"": 43}",0.9736842105263158,0.9666666666666667,0.9791666666666667,0.9721203228173148,0.9754385964912281,0.9736842105263158,0.9738579758273159,M,0.9333333333333333,1.0,0.9655172413793104
breast_cancer,Breast Cancer Wisconsin,rbf_network,RBF Network,43,2,114,30,0.05510348399997156,0.9298245614035088,validation_accuracy,5,3,0,,"{""gamma"": null, ""n_centers"": 8, ""random_state"": 43}",0.9385964912280702,0.9360173738723689,0.9315476190476191,0.933693394266722,0.9384352963933389,0.9385964912280702,0.9384383268099622,M,0.926829268292683,0.9047619047619048,0.9156626506024096
breast_cancer,Breast Cancer Wisconsin,fuzzy_cmeans,Fuzzy C-Means,43,2,114,30,0.09493936800004121,0.9210526315789473,validation_accuracy,5,1,0,,"{""m"": 1.5, ""n_clusters"": 2, ""random_state"": 43}",0.9298245614035088,0.9342105263157894,0.9146825396825397,0.922972972972973,0.9307479224376731,0.9298245614035088,0.9290184921763869,M,0.9473684210526315,0.8571428571428571,0.9
breast_cancer,Breast Cancer Wisconsin,sugeno_o0,Sugeno_O0,43,2,114,30,0.030245482999987416,0.9210526315789473,validation_accuracy,5,4,0,,"{""n_rules"": 8, ""random_state"": 43, ""sigma_scale"": 1.0}",0.9385964912280702,0.9475254475254475,0.9216269841269842,0.9322062696457395,0.9408287303024145,0.9385964912280702,0.9376836024305945,M,0.972972972972973,0.8571428571428571,0.9113924050632911
breast_cancer,Breast Cancer Wisconsin,mlp_classifier,MLP,44,2,114,30,0.08387301900000921,0.9824561403508771,validation_accuracy,5,5,0,,"{""activation"": ""tanh"", ""alpha"": 0.001, ""hidden_layer_sizes"": [64, 32], ""learning_rate_init"": 0.01, ""max_iter"": 500, ""random_state"": 44}",0.9649122807017544,0.9672297297297296,0.9573412698412699,0.9619111259605746,0.9651849217638692,0.9649122807017544,0.9647247085304307,M,0.975,0.9285714285714286,0.9512195121951219
breast_cancer,Breast Cancer Wisconsin,rbf_network,RBF Network,44,2,114,30,0.0390806990000101,0.9473684210526315,validation_accuracy,5,2,0,,"{""gamma"": null, ""n_centers"": 4, ""random_state"": 44}",0.9122807017543859,0.9290441176470587,0.8859126984126984,0.9013157894736843,0.9181114551083591,0.9122807017543859,0.9099722991689752,M,0.9705882352941176,0.7857142857142857,0.868421052631579
breast_cancer,Breast Cancer Wisconsin,fuzzy_cmeans,Fuzzy C-Means,44,2,114,30,0.09703077000000349,0.9298245614035088,validation_accuracy,5,1,0,,"{""m"": 1.5, ""n_clusters"": 2, ""random_state"": 44}",0.8859649122807017,0.9115818111154295,0.8501984126984128,0.8690234202386213,0.8968028310184711,0.8859649122807017,0.8814196339279485,M,0.967741935483871,0.7142857142857143,0.821917808219178
breast_cancer,Breast Cancer Wisconsin,sugeno_o0,Sugeno_O0,44,2,114,30,0.025950170999976763,0.9298245614035088,validation_accuracy,5,2,0,,"{""n_rules"": 4, ""random_state"": 44, ""sigma_scale"": 0.5}",0.8947368421052632,0.9173018292682926,0.8621031746031746,0.87995787995788,0.903762836970475,0.8947368421052632,0.8910421015684172,M,0.96875,0.7380952380952381,0.8378378378378378
breast_cancer,Breast Cancer Wisconsin,mlp_classifier,MLP,45,2,114,30,0.24008421299998872,0.9736842105263158,validation_accuracy,5,3,0,,"{""activation"": ""relu"", ""alpha"": 0.001, ""hidden_layer_sizes"": [64, 32], ""learning_rate_init"": 0.001, ""max_iter"": 500, ""random_state"": 45}",0.956140350877193,0.960472972972973,0.9464461185718964,0.9526381387619444,0.9569049312470365,0.956140350877193,0.9558014271241044,M,0.975,0.9069767441860465,0.9397590361445783
breast_cancer,Breast Cancer Wisconsin,rbf_network,RBF Network,45,2,114,30,0.07148800099997743,0.956140350877193,validation_accuracy,5,3,0,,"{""gamma"": null, ""n_centers"": 8, ""random_state"": 45}",0.9210526315789473,0.9176587301587302,0.913691451031772,0.9155902920608803,0.9208263714842663,0.9210526315789473,0.9208642750438415,M,0.9047619047619048,0.8837209302325582,0.8941176470588236
breast_cancer,Breast Cancer Wisconsin,fuzzy_cmeans,Fuzzy C-Means,45,2,114,30,0.11124279500000966,0.9473684210526315,validation_accuracy,5,2,0,,"{""m"": 1.5, ""n_clusters"": 4, ""random_state"": 45}",0.9035087719298246,0.9078947368421053,0.8858499836226662,0.8946837994457042,0.9046629732225299,0.9035087719298246,0.902171654886776,M,0.9210526315789473,0.813953488372093,0.8641975308641975
breast_cancer,Breast Cancer Wisconsin,sugeno_o0,Sugeno_O0,45,2,114,30,0.018643999999994776,0.9298245614035088,validation_accuracy,5,1,0,,"{""n_rules"": 2, ""random_state"": 45, ""sigma_scale"": 0.5}",0.9210526315789473,0.9127237851662404,0.9228627579430069,0.9170641015277665,0.9233241351460494,0.9210526315789473,0.9215312551850889,M,0.8695652173913043,0.9302325581395349,0.898876404494382
breast_cancer,Breast Cancer Wisconsin,mlp_classifier,MLP,46,2,114,30,0.23653086900003473,0.9736842105263158,validation_accuracy,5,3,0,,"{""activation"": ""relu"", ""alpha"": 0.001, ""hidden_layer_sizes"": [64, 32], ""learning_rate_init"": 0.001, ""max_iter"": 500, ""random_state"": 46}",0.956140350877193,0.960472972972973,0.9464461185718964,0.9526381387619444,0.9569049312470365,0.956140350877193,0.9558014271241044,M,0.975,0.9069767441860465,0.9397590361445783
breast_cancer,Breast Cancer Wisconsin,rbf_network,RBF Network,46,2,114,30,0.06458683999994719,0.9473684210526315,validation_accuracy,5,2,0,,"{""gamma"": null, ""n_centers"": 4, ""random_state"": 46}",0.956140350877193,0.9553571428571428,0.9510317720275139,0.9531057178116001,0.9560881370091896,0.956140350877193,0.9560357083576898,M,0.9523809523809523,0.9302325581395349,0.9411764705882353
breast_cancer,Breast Cancer Wisconsin,fuzzy_cmeans,Fuzzy C-Means,46,2,114,30,0.09689164700000674,0.9122807017543859,validation_accuracy,5,1,0,,"{""m"": 1.5, ""n_clusters"": 2, ""random_state"": 46}",0.9210526315789473,0.9219594594594596,0.9091057975761545,0.9147486497714998,0.9212126600284494,0.9210526315789473,0.9204425688233878,M,0.925,0.8604651162790697,0.891566265060241
breast_cancer,Breast Cancer Wisconsin,sugeno_o0,Sugeno_O0,46,2,114,30,0.015468449000024975,0.9210526315789473,validation_accuracy,5,1,0,,"{""n_rules"": 2, ""random_state"": 46, ""sigma_scale"": 0.5}",0.9210526315789473,0.9146103896103897,0.9182771044873894,0.9163609684519443,0.9215481886534517,0.9210526315789473,0.9212263968799476,M,0.8863636363636364,0.9069767441860465,0.896551724137931
breast_cancer,Breast Cancer Wisconsin,mlp_classifier,MLP,47,2,114,30,0.06550353199997971,0.9736842105263158,validation_accuracy,5,5,0,,"{""activation"": ""tanh"", ""alpha"": 0.001, ""hidden_layer_sizes"": [64, 32], ""learning_rate_init"": 0.01, ""max_iter"": 500, ""random_state"": 47}",0.9649122807017544,0.9672569328433009,0.9580740255486406,0.9623015873015872,0.9652053622194477,0.9649122807017544,0.9647382344750765,M,0.975609756097561,0.9302325581395349,0.9523809523809523
breast_cancer,Breast Cancer Wisconsin,rbf_network,RBF Network,47,2,114,30,0.0779154830000266,0.9298245614035088,validation_accuracy,5,2,0,,"{""gamma"": null, ""n_centers"": 4, ""random_state"": 47}",0.9035087719298246,0.9078947368421053,0.8858499836226662,0.8946837994457042,0.9046629732225299,0.9035087719298246,0.902171654886776,M,0.9210526315789473,0.813953488372093,0.8641975308641975
breast_cancer,Breast Cancer Wisconsin,fuzzy_cmeans,Fuzzy C-Means,47,2,114,30,0.12650442800003248,0.9122807017543859,validation_accuracy,5,2,0,,"{""m"": 1.5, ""n_clusters"": 4, ""random_state"": 47}",0.8771929824561403,0.8956228956228957,0.8463806092368162,0.861842105263158,0.8848721129422884,0.8771929824561403,0.8731532779316713,M,0.9393939393939394,0.7209302325581395,0.8157894736842105
breast_cancer,Breast Cancer Wisconsin,sugeno_o0,Sugeno_O0,47,2,114,30,0.0371280510000247,0.9298245614035088,validation_accuracy,5,4,0,,"{""n_rules"": 8, ""random_state"": 47, ""sigma_scale"": 1.0}",0.8947368421052632,0.9081374321880651,0.8696364231903047,0.8830769230769231,0.8996097839535548,0.8947368421052632,0.8921457489878544,M,0.9428571428571428,0.7674418604651163,0.8461538461538461
breast_cancer,Breast Cancer Wisconsin,mlp_classifier,MLP,48,2,114,30,0.21824476099999401,0.9649122807017544,validation_accuracy,5,1,0,,"{""activation"": ""relu"", ""alpha"": 0.0001, ""hidden_layer_sizes"": [32], ""learning_rate_init"": 0.001, ""max_iter"": 500, ""random_state"": 48}",0.9649122807017544,0.9672297297297296,0.9573412698412699,0.9619111259605746,0.9651849217638692,0.9649122807017544,0.9647247085304307,M,0.975,0.9285714285714286,0.9512195121951219
breast_cancer,Breast Cancer Wisconsin,rbf_network,RBF Network,48,2,114,30,0.06762831300000016,0.9122807017543859,validation_accuracy,5,1,0,,"{""gamma"": null, ""n_centers"": 2, ""random_state"": 48}",0.8947368421052632,0.9080882352941176,0.8670634920634921,0.881578947368421,0.8993808049535604,0.8947368421052632,0.89196675900277,M,0.9411764705882353,0.7619047619047619,0.8421052631578947
breast_cancer,Breast Cancer Wisconsin,fuzzy_cmeans,Fuzzy C-Means,48,2,114,30,0.10283763099999987,0.9122807017543859,validation_accuracy,5,1,0,,"{""m"": 1.5, ""n_clusters"": 2, ""random_state"": 48}",0.9122807017543859,0.920940170940171,0.8908730158730158,0.9025641025641026,0.9147548358074673,0.9122807017543859,0.9106612685560054,M,0.9444444444444444,0.8095238095238095,0.8717948717948718
breast_cancer,Breast Cancer Wisconsin,sugeno_o0,Sugeno_O0,48,2,114,30,0.01914155499997605,0.9298245614035088,validation_accuracy,5,1,0,,"{""n_rules"": 2, ""random_state"": 48, ""sigma_scale"": 0.5}",0.8771929824561403,0.8654092071611253,0.8779761904761905,0.8704545454545455,0.8814779916543276,0.8771929824561403,0.8782296650717704,M,0.8043478260869565,0.8809523809523809,0.8409090909090909
breast_cancer,Breast Cancer Wisconsin,mlp_classifier,MLP,49,2,114,30,0.08262956400000121,0.9912280701754386,validation_accuracy,5,5,0,,"{""activation"": ""tanh"", ""alpha"": 0.001, ""hidden_layer_sizes"": [64, 32], ""learning_rate_init"": 0.01, ""max_iter"": 500, ""random_state"": 49}",0.9736842105263158,0.9697019325253848,0.9742063492063492,0.9718634306869601,0.9739686589549538,0.9736842105263158,0.9737469960380177,M,0.9534883720930233,0.9761904761904762,0.9647058823529412
breast_cancer,Breast Cancer Wisconsin,rbf_network,RBF Network,49,2,114,30,0.05752621099998123,0.9473684210526315,validation_accuracy,5,3,0,,"{""gamma"": null, ""n_centers"": 8, ""random_state"": 49}",0.9035087719298246,0.895021290533901,0.8988095238095237,0.8968325791855204,0.9041150206009619,0.9035087719298246,0.9037389854727317,M,0.8604651162790697,0.8809523809523809,0.8705882352941177
breast_cancer,Breast Cancer Wisconsin,fuzzy_cmeans,Fuzzy C-Means,49,2,114,30,0.037038315000017974,0.9210526315789473,validation_accuracy,5,1,0,,"{""m"": 1.5, ""n_clusters"": 2, ""random_state"": 49}",0.9210526315789473,0.9215384615384616,0.9077380952380952,0.9138321995464853,0.9211336032388665,0.9210526315789473,0.9203962286669054,M,0.9230769230769231,0.8571428571428571,0.8888888888888888
breast_cancer,Breast Cancer Wisconsin,sugeno_o0,Sugeno_O0,49,2,114,30,0.019360268000014003,0.9298245614035088,validation_accuracy,5,1,0,,"{""n_rules"": 2, ""random_state"": 49, ""sigma_scale"": 0.5}",0.8771929824561403,0.865530303030303,0.8829365079365079,0.8714975845410629,0.8849681020733653,0.8771929824561403,0.8786168319349098,M,0.7916666666666666,0.9047619047619048,0.8444444444444444
breast_cancer,Breast Cancer Wisconsin,mlp_classifier,MLP,50,2,114,30,0.31806909799996674,0.9824561403508771,validation_accuracy,5,1,0,,"{""activation"": ""relu"", ""alpha"": 0.0001, ""hidden_layer_sizes"": [32], ""learning_rate_init"": 0.001, ""max_iter"": 500, ""random_state"": 50}",0.9824561403508771,0.9811507936507937,0.9811507936507937,0.9811507936507937,0.9824561403508771,0.9824561403508771,0.9824561403508771,M,0.9761904761904762,0.9761904761904762,0.9761904761904762
breast_cancer,Breast Cancer Wisconsin,rbf_network,RBF Network,50,2,114,30,0.04888067300004195,0.9210526315789473,validation_accuracy,5,3,0,,"{""gamma"": null, ""n_centers"": 8, ""random_state"": 50}",0.9298245614035088,0.9287162162162163,0.9196428571428572,0.9238222519211494,0.9296941678520625,0.9298245614035088,0.9294494170608614,M,0.925,0.8809523809523809,0.9024390243902439
breast_cancer,Breast Cancer Wisconsin,fuzzy_cmeans,Fuzzy C-Means,50,2,114,30,0.08612034399999402,0.9035087719298246,validation_accuracy,5,1,0,,"{""m"": 1.5, ""n_clusters"": 2, ""random_state"": 50}",0.9210526315789473,0.9350813743218807,0.8978174603174603,0.9117571170551303,0.9255163224516989,0.9210526315789473,0.9192940207230902,M,0.9714285714285714,0.8095238095238095,0.8831168831168831
breast_cancer,Breast Cancer Wisconsin,sugeno_o0,Sugeno_O0,50,2,114,30,0.024192496000011943,0.9122807017543859,validation_accuracy,5,2,0,,"{""n_rules"": 4, ""random_state"": 50, ""sigma_scale"": 0.5}",0.9385964912280702,0.9475254475254475,0.9216269841269842,0.9322062696457395,0.9408287303024145,0.9385964912280702,0.9376836024305945,M,0.972972972972973,0.8571428571428571,0.9113924050632911
breast_cancer,Breast Cancer Wisconsin,mlp_classifier,MLP,51,2,114,30,0.3328815109999823,0.9912280701754386,validation_accuracy,5,1,0,,"{""activation"": ""relu"", ""alpha"": 0.0001, ""hidden_layer_sizes"": [32], ""learning_rate_init"": 0.001, ""max_iter"": 500, ""random_state"": 51}",0.9649122807017544,0.9623015873015872,0.9623015873015872,0.9623015873015872,0.9649122807017544,0.9649122807017544,0.9649122807017544,M,0.9523809523809523,0.9523809523809523,0.9523809523809523
breast_cancer,Breast Cancer Wisconsin,rbf_network,RBF Network,51,2,114,30,0.06172385000002123,0.9649122807017544,validation_accuracy,5,3,0,,"{""gamma"": null, ""n_centers"": 8, ""random_state"": 51}",0.9473684210526315,0.9434523809523809,0.9434523809523809,0.9434523809523809,0.9473684210526315,0.9473684210526315,0.9473684210526315,M,0.9285714285714286,0.9285714285714286,0.9285714285714286
breast_cancer,Breast Cancer Wisconsin,fuzzy_cmeans,Fuzzy C-Means,51,2,114,30,0.1342882459999828,0.9385964912280702,validation_accuracy,5,2,0,,"{""m"": 1.5, ""n_clusters"": 4, ""random_state"": 51}",0.9298245614035088,0.9287162162162163,0.9196428571428572,0.9238222519211494,0.9296941678520625,0.9298245614035088,0.9294494170608614,M,0.925,0.8809523809523809,0.9024390243902439
breast_cancer,Breast Cancer Wisconsin,sugeno_o0,Sugeno_O0,51,2,114,30,0.030561770000019806,0.956140350877193,validation_accuracy,5,4,0,,"{""n_rules"": 8, ""random_state"": 51, ""sigma_scale"": 1.0}",0.9473684210526315,0.9434523809523809,0.9434523809523809,0.9434523809523809,0.9473684210526315,0.9473684210526315,0.9473684210526315,M,0.9285714285714286,0.9285714285714286,0.9285714285714286
breast_cancer,Breast Cancer Wisconsin,mlp_classifier,MLP,52,2,114,30,0.25814041899997164,0.9649122807017544,validation_accuracy,5,1,0,,"{""activation"": ""relu"", ""alpha"": 0.0001, ""hidden_layer_sizes"": [32], ""learning_rate_init"": 0.001, ""max_iter"": 500, ""random_state"": 52}",0.9736842105263158,0.9742063492063492,0.9697019325253848,0.9718634306869601,0.9737190197716513,0.9736842105263158,0.973621425014614,M,0.9761904761904762,0.9534883720930233,0.9647058823529412
breast_cancer,Breast Cancer Wisconsin,rbf_network,RBF Network,52,2,114,30,0.06651672799995367,0.9385964912280702,validation_accuracy,5,3,0,,"{""gamma"": null, ""n_centers"": 8, ""random_state"": 52}",0.9210526315789473,0.9127237851662404,0.9228627579430069,0.9170641015277665,0.9233241351460494,0.9210526315789473,0.9215312551850889,M,0.8695652173913043,0.9302325581395349,0.898876404494382
breast_cancer,Breast Cancer Wisconsin,fuzzy_cmeans,Fuzzy C-Means,52,2,114,30,0.10814745999999786,0.8947368421052632,validation_accuracy,5,2,0,,"{""m"": 1.5, ""n_clusters"": 4, ""random_state"": 52}",0.9035087719298246,0.8961038961038961,0.8996069439895185,0.8977745169968208,0.9040783777625884,0.9035087719298246,0.9037211517421581,M,0.8636363636363636,0.8837209302325582,0.8735632183908046
breast_cancer,Breast Cancer Wisconsin,sugeno_o0,Sugeno_O0,52,2,114,30,0.02343399300002602,0.9385964912280702,validation_accuracy,5,2,0,,"{""n_rules"": 4, ""random_state"": 52, ""sigma_scale"": 0.5}",0.8947368421052632,0.8880296937828642,0.9109073042908614,0.8920454545454546,0.9115047129112606,0.8947368421052632,0.896232057416268,M,0.7924528301886793,0.9767441860465116,0.875
breast_cancer,Breast Cancer Wisconsin,mlp_classifier,MLP,53,2,114,30,0.22867707899996503,0.9912280701754386,validation_accuracy,5,1,0,,"{""activation"": ""relu"", ""alpha"": 0.0001, ""hidden_layer_sizes"": [32], ""learning_rate_init"": 0.001, ""max_iter"": 500, ""random_state"": 53}",0.9649122807017544,0.9672569328433009,0.9580740255486406,0.9623015873015872,0.9652053622194477,0.9649122807017544,0.9647382344750765,M,0.975609756097561,0.9302325581395349,0.9523809523809523
breast_cancer,Breast Cancer Wisconsin,rbf_network,RBF Network,53,2,114,30,0.07021591500000568,0.9473684210526315,validation_accuracy,5,2,0,,"{""gamma"": null, ""n_centers"": 4, ""random_state"": 53}",0.9649122807017544,0.9733333333333334,0.9534883720930232,0.9619111259605746,0.9667836257309942,0.9649122807017544,0.964537136359107,M,1.0,0.9069767441860465,0.9512195121951219
breast_cancer,Breast Cancer Wisconsin,fuzzy_cmeans,Fuzzy C-Means,53,2,114,30,0.10473007100000586,0.9210526315789473,validation_accuracy,5,1,0,,"{""m"": 1.5, ""n_clusters"": 2, ""random_state"": 53}",0.9122807017543859,0.9148717948717948,0.8974778905994104,0.9047778149014367,0.9128565002249213,0.9122807017543859,0.9113428408977672,M,0.9230769230769231,0.8372093023255814,0.8780487804878049
breast_cancer,Breast Cancer Wisconsin,sugeno_o0,Sugeno_O0,53,2,114,30,0.03302562400000397,0.956140350877193,validation_accuracy,5,4,0,,"{""n_rules"": 8, ""random_state"": 53, ""sigma_scale"": 1.0}",0.9210526315789473,0.94375,0.8953488372093024,0.9117571170551303,0.9299342105263156,0.9210526315789473,0.9187915604785595,M,1.0,0.7906976744186046,0.8831168831168831
breast_cancer,Breast Cancer Wisconsin,mlp_classifier,MLP,54,2,114,30,0.21493987999997444,0.9736842105263158,validation_accuracy,5,1,0,,"{""activation"": ""relu"", ""alpha"": 0.0001, ""hidden_layer_sizes"": [32], ""learning_rate_init"": 0.001, ""max_iter"": 500, ""random_state"": 54}",0.9912280701754386,0.9930555555555556,0.9883720930232558,0.99062114356232,0.991349902534113,0.9912280701754386,0.991207141671538,M,1.0,0.9767441860465116,0.9882352941176471
breast_cancer,Breast Cancer Wisconsin,rbf_network,RBF Network,54,2,114,30,0.06128829800002222,0.9298245614035088,validation_accuracy,5,3,0,,"{""gamma"": null, ""n_centers"": 8, ""random_state"": 54}",0.956140350877193,0.9516233766233766,0.9556174254831313,0.9535338713621913,0.9564878104351788,0.956140350877193,0.9562368871555263,M,0.9318181818181818,0.9534883720930233,0.9425287356321839
breast_cancer,Breast Cancer Wisconsin,fuzzy_cmeans,Fuzzy C-Means,54,2,114,30,0.08473509800001011,0.9035087719298246,validation_accuracy,5,1,0,,"{""m"": 1.5, ""n_clusters"": 2, ""random_state"": 54}",0.956140350877193,0.9553571428571428,0.9510317720275139,0.9531057178116001,0.9560881370091896,0.956140350877193,0.9560357083576898,M,0.9523809523809523,0.9302325581395349,0.9411764705882353
breast_cancer,Breast Cancer Wisconsin,sugeno_o0,Sugeno_O0,54,2,114,30,0.01854499799998166,0.8947368421052632,validation_accuracy,5,1,0,,"{""n_rules"": 2, ""random_state"": 54, ""sigma_scale"": 0.5}",0.9035087719298246,0.893939393939394,0.9087782509007534,0.8994144541589797,0.9088250930356195,0.9035087719298246,0.9043988410104431,M,0.8333333333333334,0.9302325581395349,0.8791208791208791
breast_cancer,Breast Cancer Wisconsin,mlp_classifier,MLP,55,2,114,30,0.183526889999996,0.9912280701754386,validation_accuracy,5,4,0,,"{""activation"": ""tanh"", ""alpha"": 0.0001, ""hidden_layer_sizes"": [64], ""learning_rate_init"": 0.01, ""max_iter"": 500, ""random_state"": 55}",0.9736842105263158,0.9742063492063492,0.9697019325253848,0.9718634306869601,0.9737190197716513,0.9736842105263158,0.973621425014614,M,0.9761904761904762,0.9534883720930233,0.9647058823529412
breast_cancer,Breast Cancer Wisconsin,rbf_network,RBF Network,55,2,114,30,0.0593197769999847,0.956140350877193,validation_accuracy,5,3,0,,"{""gamma"": null, ""n_centers"": 8, ""random_state"": 55}",0.9122807017543859,0.9043478260869565,0.9112348509662627,0.9074675324675325,0.9136028476989575,0.9122807017543859,0.9126509455456824,M,0.8666666666666667,0.9069767441860465,0.8863636363636364
breast_cancer,Breast Cancer Wisconsin,fuzzy_cmeans,Fuzzy C-Means,55,2,114,30,0.12802809300001172,0.956140350877193,validation_accuracy,5,2,0,,"{""m"": 1.5, ""n_clusters"": 4, ""random_state"": 55}",0.9210526315789473,0.9176587301587302,0.913691451031772,0.9155902920608803,0.9208263714842663,0.9210526315789473,0.9208642750438415,M,0.9047619047619048,0.8837209302325582,0.8941176470588236
breast_cancer,Breast Cancer Wisconsin,sugeno_o0,Sugeno_O0,55,2,114,30,0.044088479000038205,0.9473684210526315,validation_accuracy,5,4,0,,"{""n_rules"": 8, ""random_state"": 55, ""sigma_scale"": 1.0}",0.9210526315789473,0.9176587301587302,0.913691451031772,0.9155902920608803,0.9208263714842663,0.9210526315789473,0.9208642750438415,M,0.9047619047619048,0.8837209302325582,0.8941176470588236
breast_cancer,Breast Cancer Wisconsin,mlp_classifier,MLP,56,2,114,30,0.2902495679999788,1.0,validation_accuracy,5,1,0,,"{""activation"": ""relu"", ""alpha"": 0.0001, ""hidden_layer_sizes"": [32], ""learning_rate_init"": 0.001, ""max_iter"": 500, ""random_state"": 56}",0.9824561403508771,0.981329839502129,0.981329839502129,0.981329839502129,0.9824561403508771,0.9824561403508771,0.9824561403508771,M,0.9767441860465116,0.9767441860465116,0.9767441860465116
breast_cancer,Breast Cancer Wisconsin,rbf_network,RBF Network,56,2,114,30,0.0662386710000078,0.9122807017543859,validation_accuracy,5,3,0,,"{""gamma"": null, ""n_centers"": 8, ""random_state"": 56}",0.9736842105263158,0.9742063492063492,0.9697019325253848,0.9718634306869601,0.9737190197716513,0.9736842105263158,0.973621425014614,M,0.9761904761904762,0.9534883720930233,0.9647058823529412
breast_cancer,Breast Cancer Wisconsin,fuzzy_cmeans,Fuzzy C-Means,56,2,114,30,0.09198168900002202,0.8859649122807017,validation_accuracy,5,1,0,,"{""m"": 1.5, ""n_clusters"": 2, ""random_state"": 56}",0.9385964912280702,0.9412162162162162,0.9277759580740256,0.933693394266722,0.939058795637743,0.9385964912280702,0.9381219979737462,M,0.95,0.8837209302325582,0.9156626506024096
breast_cancer,Breast Cancer Wisconsin,sugeno_o0,Sugeno_O0,56,2,114,30,0.017974858000002314,0.9122807017543859,validation_accuracy,5,1,0,,"{""n_rules"": 2, ""random_state"": 56, ""sigma_scale"": 0.5}",0.9298245614035088,0.9212448396316291,0.9344906649197511,0.9265700483091788,0.9332564501122605,0.9298245614035088,0.9303669802525637,M,0.8723404255319149,0.9534883720930233,0.9111111111111111
breast_cancer,Breast Cancer Wisconsin,mlp_classifier,MLP,57,2,114,30,0.20983017699995798,0.9385964912280702,validation_accuracy,5,1,0,,"{""activation"": ""relu"", ""alpha"": 0.0001, ""hidden_layer_sizes"": [32], ""learning_rate_init"": 0.001, ""max_iter"": 500, ""random_state"": 57}",0.9649122807017544,0.9626596790042581,0.9626596790042581,0.9626596790042581,0.9649122807017544,0.9649122807017544,0.9649122807017544,M,0.9534883720930233,0.9534883720930233,0.9534883720930233
breast_cancer,Breast Cancer Wisconsin,rbf_network,RBF Network,57,2,114,30,0.05233589900001334,0.9035087719298246,validation_accuracy,5,2,0,,"{""gamma"": null, ""n_centers"": 4, ""random_state"": 57}",0.9385964912280702,0.9412162162162162,0.9277759580740256,0.933693394266722,0.939058795637743,0.9385964912280702,0.9381219979737462,M,0.95,0.8837209302325582,0.9156626506024096
breast_cancer,Breast Cancer Wisconsin,fuzzy_cmeans,Fuzzy C-Means,57,2,114,30,0.09629546100001107,0.9035087719298246,validation_accuracy,5,1,0,,"{""m"": 1.5, ""n_clusters"": 2, ""random_state"": 57}",0.9035087719298246,0.9078947368421053,0.8858499836226662,0.8946837994457042,0.9046629732225299,0.9035087719298246,0.902171654886776,M,0.9210526315789473,0.813953488372093,0.8641975308641975
breast_cancer,Breast Cancer Wisconsin,sugeno_o0,Sugeno_O0,57,2,114,30,0.028728517000047304,0.9122807017543859,validation_accuracy,5,4,0,,"{""n_rules"": 8, ""random_state"": 57, ""sigma_scale"": 1.0}",0.9122807017543859,0.92875226039783,0.8883065836881756,0.9025641025641026,0.918270359442911,0.9122807017543859,0.9101214574898786,M,0.9714285714285714,0.7906976744186046,0.8717948717948718
breast_cancer,Breast Cancer Wisconsin,mlp_classifier,MLP,58,2,114,30,0.07297381199998654,0.9649122807017544,validation_accuracy,5,5,0,,"{""activation"": ""tanh"", ""alpha"": 0.001, ""hidden_layer_sizes"": [64, 32], ""learning_rate_init"": 0.01, ""max_iter"": 500, ""random_state"": 58}",0.956140350877193,0.9491687979539642,0.9602030789387488,0.9539245008487591,0.958041683492619,0.956140350877193,0.9564062528806051,M,0.9130434782608695,0.9767441860465116,0.9438202247191011
breast_cancer,Breast Cancer Wisconsin,rbf_network,RBF Network,58,2,114,30,0.05341984199998251,0.956140350877193,validation_accuracy,5,4,0,,"{""gamma"": 0.1, ""n_centers"": 4, ""random_state"": 58}",0.8508771929824561,0.8453703703703703,0.8665247297739929,0.8474856378374125,0.8710688758934373,0.8508771929824561,0.8530717286645433,M,0.7407407407407407,0.9302325581395349,0.8247422680412371
breast_cancer,Breast Cancer Wisconsin,fuzzy_cmeans,Fuzzy C-Means,58,2,114,30,0.09797014900004797,0.9473684210526315,validation_accuracy,5,1,0,,"{""m"": 1.5, ""n_clusters"": 2, ""random_state"": 58}",0.868421052631579,0.8611111111111112,0.8576809695381592,0.8593171534348005,0.8679337231968811,0.868421052631579,0.8681071250730692,M,0.8333333333333334,0.813953488372093,0.8235294117647058
breast_cancer,Breast Cancer Wisconsin,sugeno_o0,Sugeno_O0,58,2,114,30,0.031907746999991105,0.956140350877193,validation_accuracy,5,4,0,,"{""n_rules"": 8, ""random_state"": 58, ""sigma_scale"": 1.0}",0.8508771929824561,0.8398337595907929,0.848182115951523,0.8433433028857813,0.8538890384529098,0.8508771929824561,0.8517812597940572,M,0.782608695652174,0.8372093023255814,0.8089887640449438
breast_cancer,Breast Cancer Wisconsin,mlp_classifier,MLP,59,2,114,30,0.10911634699999695,0.9736842105263158,validation_accuracy,5,4,0,,"{""activation"": ""tanh"", ""alpha"": 0.0001, ""hidden_layer_sizes"": [64], ""learning_rate_init"": 0.01, ""max_iter"": 500, ""random_state"": 59}",0.9912280701754386,0.9930555555555556,0.9883720930232558,0.99062114356232,0.991349902534113,0.9912280701754386,0.991207141671538,M,1.0,0.9767441860465116,0.9882352941176471
breast_cancer,Breast Cancer Wisconsin,rbf_network,RBF Network,59,2,114,30,0.05963494700000638,0.9298245614035088,validation_accuracy,5,3,0,,"{""gamma"": null, ""n_centers"": 8, ""random_state"": 59}",0.9298245614035088,0.9253193580085162,0.9253193580085162,0.9253193580085162,0.9298245614035088,0.9298245614035088,0.9298245614035088,M,0.9069767441860465,0.9069767441860465,0.9069767441860465
breast_cancer,Breast Cancer Wisconsin,fuzzy_cmeans,Fuzzy C-Means,59,2,114,30,0.09435471400001916,0.9122807017543859,validation_accuracy,5,1,0,,"{""m"": 1.5, ""n_clusters"": 2, ""random_state"": 59}",0.9035087719298246,0.8988095238095237,0.895021290533901,0.8968325791855204,0.9031954887218044,0.9035087719298246,0.9032785583869176,M,0.8809523809523809,0.8604651162790697,0.8705882352941177
breast_cancer,Breast Cancer Wisconsin,sugeno_o0,Sugeno_O0,59,2,114,30,0.02969216500002858,0.9298245614035088,validation_accuracy,5,4,0,,"{""n_rules"": 8, ""random_state"": 59, ""sigma_scale"": 1.0}",0.9035087719298246,0.9078947368421053,0.8858499836226662,0.8946837994457042,0.9046629732225299,0.9035087719298246,0.902171654886776,M,0.9210526315789473,0.813953488372093,0.8641975308641975
breast_cancer,Breast Cancer Wisconsin,mlp_classifier,MLP,60,2,114,30,0.07308017700000846,0.956140350877193,validation_accuracy,5,5,0,,"{""activation"": ""tanh"", ""alpha"": 0.001, ""hidden_layer_sizes"": [64, 32], ""learning_rate_init"": 0.01, ""max_iter"": 500, ""random_state"": 60}",1.0,1.0,1.0,1.0,1.0,1.0,1.0,M,1.0,1.0,1.0
breast_cancer,Breast Cancer Wisconsin,rbf_network,RBF Network,60,2,114,30,0.049145015000021885,0.9473684210526315,validation_accuracy,5,2,0,,"{""gamma"": null, ""n_centers"": 4, ""random_state"": 60}",0.956140350877193,0.9671052631578947,0.9418604651162791,0.9521289997480473,0.9590258541089566,0.956140350877193,0.95553257040308,M,1.0,0.8837209302325582,0.9382716049382716
breast_cancer,Breast Cancer Wisconsin,fuzzy_cmeans,Fuzzy C-Means,60,2,114,30,0.09607820200000106,0.9210526315789473,validation_accuracy,5,1,0,,"{""m"": 1.5, ""n_clusters"": 2, ""random_state"": 60}",0.9649122807017544,0.9733333333333334,0.9534883720930232,0.9619111259605746,0.9667836257309942,0.9649122807017544,0.964537136359107,M,1.0,0.9069767441860465,0.9512195121951219
breast_cancer,Breast Cancer Wisconsin,sugeno_o0,Sugeno_O0,60,2,114,30,0.03466836499995907,0.956140350877193,validation_accuracy,5,4,0,,"{""n_rules"": 8, ""random_state"": 60, ""sigma_scale"": 1.0}",0.956140350877193,0.9671052631578947,0.9418604651162791,0.9521289997480473,0.9590258541089566,0.956140350877193,0.95553257040308,M,1.0,0.8837209302325582,0.9382716049382716
breast_cancer,Breast Cancer Wisconsin,mlp_classifier,MLP,61,2,114,30,0.22832645599999069,0.956140350877193,validation_accuracy,5,2,0,,"{""activation"": ""relu"", ""alpha"": 0.0001, ""hidden_layer_sizes"": [64], ""learning_rate_init"": 0.001, ""max_iter"": 500, ""random_state"": 61}",0.9824561403508771,0.9777777777777779,0.9859154929577465,0.9814935064935065,0.9832358674463938,0.9824561403508771,0.9825301891091366,M,0.9555555555555556,1.0,0.9772727272727273
breast_cancer,Breast Cancer Wisconsin,rbf_network,RBF Network,61,2,114,30,0.07383212100000947,0.9210526315789473,validation_accuracy,5,2,0,,"{""gamma"": null, ""n_centers"": 4, ""random_state"": 61}",0.9824561403508771,0.9863013698630136,0.9767441860465116,0.9811507936507937,0.9829367940398942,0.9824561403508771,0.9823691172375383,M,1.0,0.9534883720930233,0.9761904761904762
breast_cancer,Breast Cancer Wisconsin,fuzzy_cmeans,Fuzzy C-Means,61,2,114,30,0.09585705199998529,0.8771929824561403,validation_accuracy,5,1,0,,"{""m"": 1.5, ""n_clusters"": 2, ""random_state"": 61}",0.9473684210526315,0.9538461538461538,0.9348182115951523,0.942866688940862,0.9488079172289698,0.9473684210526315,0.9468057045386604,M,0.9743589743589743,0.8837209302325582,0.926829268292683
breast_cancer,Breast Cancer Wisconsin,sugeno_o0,Sugeno_O0,61,2,114,30,0.030533262000005834,0.8859649122807017,validation_accuracy,5,4,0,,"{""n_rules"": 8, ""random_state"": 61, ""sigma_scale"": 1.0}",0.9824561403508771,0.9863013698630136,0.9767441860465116,0.9811507936507937,0.9829367940398942,0.9824561403508771,0.9823691172375383,M,1.0,0.9534883720930233,0.9761904761904762
breast_cancer,Breast Cancer Wisconsin,mlp_classifier,MLP,62,2,114,30,0.2229539100000011,0.9824561403508771,validation_accuracy,5,1,0,,"{""activation"": ""relu"", ""alpha"": 0.0001, ""hidden_layer_sizes"": [32], ""learning_rate_init"": 0.001, ""max_iter"": 500, ""random_state"": 62}",0.9649122807017544,0.9623015873015872,0.9623015873015872,0.9623015873015872,0.9649122807017544,0.9649122807017544,0.9649122807017544,M,0.9523809523809523,0.9523809523809523,0.9523809523809523
breast_cancer,Breast Cancer Wisconsin,rbf_network,RBF Network,62,2,114,30,0.06317722299996831,0.9210526315789473,validation_accuracy,5,4,0,,"{""gamma"": 0.1, ""n_centers"": 4, ""random_state"": 62}",0.9210526315789473,0.9106065417592887,0.9275793650793651,0.9170641015277665,0.9262756764887768,0.9210526315789473,0.9218503375891834,M,0.851063829787234,0.9523809523809523,0.898876404494382
breast_cancer,Breast Cancer Wisconsin,fuzzy_cmeans,Fuzzy C-Means,62,2,114,30,0.09532973900002162,0.9210526315789473,validation_accuracy,5,1,0,,"{""m"": 1.5, ""n_clusters"": 2, ""random_state"": 62}",0.9210526315789473,0.9169729368526562,0.9126984126984127,0.9147486497714998,0.9207976506585542,0.9210526315789473,0.9208492773270941,M,0.9024390243902439,0.8809523809523809,0.891566265060241
breast_cancer,Breast Cancer Wisconsin,sugeno_o0,Sugeno_O0,62,2,114,30,0.032944724999993014,0.9385964912280702,validation_accuracy,5,4,0,,"{""n_rules"": 8, ""random_state"": 62, ""sigma_scale"": 1.0}",0.9298245614035088,0.9287162162162163,0.9196428571428572,0.9238222519211494,0.9296941678520625,0.9298245614035088,0.9294494170608614,M,0.925,0.8809523809523809,0.9024390243902439
diabetes,Pima Indians Diabetes,mlp_classifier,MLP,42,2,154,8,0.5545933099999729,0.7532467532467533,validation_accuracy,5,2,1,Stochastic Optimizer: Maximum iterations (500) reached and the optimization hasn't converged yet.,"{""activation"": ""relu"", ""alpha"": 0.0001, ""hidden_layer_sizes"": [64], ""learning_rate_init"": 0.001, ""max_iter"": 500, ""random_state"": 42}",0.6948051948051948,0.6576086956521738,0.6462731178778256,0.6501860712387029,0.6864059853190289,0.6948051948051948,0.6891263972603686,1,0.5652173913043478,0.49056603773584906,0.5252525252525253
diabetes,Pima Indians Diabetes,rbf_network,RBF Network,42,2,154,8,0.08168996000000561,0.7207792207792207,validation_accuracy,5,3,0,,"{""gamma"": null, ""n_centers"": 8, ""random_state"": 42}",0.7207792207792207,0.6889880952380952,0.6660750980758453,0.6727452433901655,0.7107877241805813,0.7207792207792207,0.7118237334693969,1,0.6190476190476191,0.49056603773584906,0.5473684210526316
diabetes,Pima Indians Diabetes,fuzzy_cmeans,Fuzzy C-Means,42,2,154,8,0.12657762600002798,0.6493506493506493,validation_accuracy,5,2,0,,"{""m"": 1.5, ""n_clusters"": 4, ""random_state"": 42}",0.6688311688311688,0.8322368421052632,0.5188679245283019,0.4355731225296443,0.779947026657553,0.6688311688311688,0.5486679328576562,1,1.0,0.03773584905660377,0.07272727272727272
diabetes,Pima Indians Diabetes,sugeno_o0,Sugeno_O0,42,2,154,8,0.02493067300002849,0.7857142857142857,validation_accuracy,5,2,0,,"{""n_rules"": 4, ""random_state"": 42, ""sigma_scale"": 0.5}",0.6883116883116883,0.6517006802721088,0.6458060900429665,0.6482010279840091,0.6830815443060341,0.6883116883116883,0.6852262529018668,1,0.5510204081632653,0.5094339622641509,0.5294117647058824
diabetes,Pima Indians Diabetes,mlp_classifier,MLP,43,2,154,8,0.4788138769999932,0.7922077922077922,validation_accuracy,5,1,1,Stochastic Optimizer: Maximum iterations (500) reached and the optimization hasn't converged yet.,"{""activation"": ""relu"", ""alpha"": 0.0001, ""hidden_layer_sizes"": [32], ""learning_rate_init"": 0.001, ""max_iter"": 500, ""random_state"": 43}",0.7662337662337663,0.7410797683541939,0.7410797683541939,0.7410797683541939,0.7662337662337663,0.7662337662337663,0.7662337662337663,1,0.660377358490566,0.660377358490566,0.660377358490566
diabetes,Pima Indians Diabetes,rbf_network,RBF Network,43,2,154,8,0.07489901600001758,0.7272727272727273,validation_accuracy,5,3,0,,"{""gamma"": null, ""n_centers"": 8, ""random_state"": 43}",0.7922077922077922,0.7729170809306025,0.7563982813375677,0.7630769230769231,0.7883496499523542,0.7922077922077922,0.788971028971029,1,0.723404255319149,0.6415094339622641,0.68
diabetes,Pima Indians Diabetes,fuzzy_cmeans,Fuzzy C-Means,43,2,154,8,0.12193379100000357,0.6493506493506493,validation_accuracy,5,5,0,,"{""m"": 2.5, ""n_clusters"": 4, ""random_state"": 43}",0.6558441558441559,0.32792207792207795,0.5,0.396078431372549,0.4301315567549334,0.6558441558441559,0.5195314489432136,1,0.0,0.0,0.0
diabetes,Pima Indians Diabetes,sugeno_o0,Sugeno_O0,43,2,154,8,0.018452188000026126,0.7207792207792207,validation_accuracy,5,1,0,,"{""n_rules"": 2, ""random_state"": 43, ""sigma_scale"": 0.5}",0.7922077922077922,0.7696969696969698,0.7743321501961516,0.7718518518518518,0.7942542306178669,0.7922077922077922,0.7930928330928332,1,0.6909090909090909,0.7169811320754716,0.7037037037037037
diabetes,Pima Indians Diabetes,mlp_classifier,MLP,44,2,154,8,0.4532767729999705,0.7532467532467533,validation_accuracy,5,1,1,Stochastic Optimizer: Maximum iterations (500) reached and the optimization hasn't converged yet.,"{""activation"": ""relu"", ""alpha"": 0.0001, ""hidden_layer_sizes"": [32], ""learning_rate_init"": 0.001, ""max_iter"": 500, ""random_state"": 44}",0.7467532467532467,0.7190384615384615,0.712777881561741,0.7155576604309732,0.7436738261738263,0.7467532467532467,0.7449182122637014,1,0.64,0.6037735849056604,0.6213592233009708
diabetes,Pima Indians Diabetes,rbf_network,RBF Network,44,2,154,8,0.06302674400001251,0.7727272727272727,validation_accuracy,5,3,0,,"{""gamma"": null, ""n_centers"": 8, ""random_state"": 44}",0.7142857142857143,0.6810499105189898,0.6700915374556324,0.6742307692307692,0.7076385535323694,0.7142857142857143,0.7098351648351648,1,0.5957446808510638,0.5283018867924528,0.56
diabetes,Pima Indians Diabetes,fuzzy_cmeans,Fuzzy C-Means,44,2,154,8,0.11647001900001897,0.6493506493506493,validation_accuracy,5,5,0,,"{""m"": 2.5, ""n_clusters"": 4, ""random_state"": 44}",0.6558441558441559,0.32792207792207795,0.5,0.396078431372549,0.4301315567549334,0.6558441558441559,0.5195314489432136,1,0.0,0.0,0.0
diabetes,Pima Indians Diabetes,sugeno_o0,Sugeno_O0,44,2,154,8,0.023296775999995134,0.7077922077922078,validation_accuracy,5,2,0,,"{""n_rules"": 4, ""random_state"": 44, ""sigma_scale"": 0.5}",0.7207792207792207,0.6889880952380952,0.6660750980758453,0.6727452433901655,0.7107877241805813,0.7207792207792207,0.7118237334693969,1,0.6190476190476191,0.49056603773584906,0.5473684210526316
diabetes,Pima Indians Diabetes,mlp_classifier,MLP,45,2,154,8,0.46063807199999474,0.8051948051948052,validation_accuracy,5,1,1,Stochastic Optimizer: Maximum iterations (500) reached and the optimization hasn't converged yet.,"{""activation"": ""relu"", ""alpha"": 0.0001, ""hidden_layer_sizes"": [32], ""learning_rate_init"": 0.001, ""max_iter"": 500, ""random_state"": 45}",0.6948051948051948,0.6600670437879741,0.6414814814814814,0.6463575511799482,0.6835663812407999,0.6948051948051948,0.6854556495441824,1,0.5813953488372093,0.46296296296296297,0.5154639175257731
diabetes,Pima Indians Diabetes,rbf_network,RBF Network,45,2,154,8,0.06761959299996079,0.7337662337662337,validation_accuracy,5,2,0,,"{""gamma"": null, ""n_centers"": 4, ""random_state"": 45}",0.6818181818181818,0.6427581427581428,0.6144444444444445,0.6178660049627791,0.6652176652176652,0.6818181818181818,0.6645612452064065,1,0.5675675675675675,0.3888888888888889,0.46153846153846156
diabetes,Pima Indians Diabetes,fuzzy_cmeans,Fuzzy C-Means,45,2,154,8,0.12088176099996417,0.6558441558441559,validation_accuracy,5,5,0,,"{""m"": 2.5, ""n_clusters"": 4, ""random_state"": 45}",0.6493506493506493,0.3246753246753247,0.5,0.3937007874015748,0.4216562658121099,0.6493506493506493,0.5112997238981491,1,0.0,0.0,0.0
diabetes,Pima Indians Diabetes,sugeno_o0,Sugeno_O0,45,2,154,8,0.02300247299996272,0.7142857142857143,validation_accuracy,5,2,0,,"{""n_rules"": 4, ""random_state"": 45, ""sigma_scale"": 0.5}",0.6818181818181818,0.645754623185524,0.6357407407407407,0.639068254651552,0.6734033514705616,0.6818181818181818,0.6761719650225891,1,0.5531914893617021,0.48148148148148145,0.5148514851485149
diabetes,Pima Indians Diabetes,mlp_classifier,MLP,46,2,154,8,0.5676419739999687,0.7792207792207793,validation_accuracy,5,2,1,Stochastic Optimizer: Maximum iterations (500) reached and the optimization hasn't converged yet.,"{""activation"": ""relu"", ""alpha"": 0.0001, ""hidden_layer_sizes"": [64], ""learning_rate_init"": 0.001, ""max_iter"": 500, ""random_state"": 46}",0.7532467532467533,0.7315602836879432,0.7418518518518519,0.7353951890034365,0.7609008013263333,0.7532467532467533,0.7559244878832507,1,0.6333333333333333,0.7037037037037037,0.6666666666666666
diabetes,Pima Indians Diabetes,rbf_network,RBF Network,46,2,154,8,0.0550277830000141,0.7402597402597403,validation_accuracy,5,1,0,,"{""gamma"": null, ""n_centers"": 2, ""random_state"": 46}",0.6818181818181818,0.6427581427581428,0.6144444444444445,0.6178660049627791,0.6652176652176652,0.6818181818181818,0.6645612452064065,1,0.5675675675675675,0.3888888888888889,0.46153846153846156
diabetes,Pima Indians Diabetes,fuzzy_cmeans,Fuzzy C-Means,46,2,154,8,0.12650166399998852,0.6558441558441559,validation_accuracy,5,2,0,,"{""m"": 1.5, ""n_clusters"": 4, ""random_state"": 46}",0.6493506493506493,0.3246753246753247,0.5,0.3937007874015748,0.4216562658121099,0.6493506493506493,0.5112997238981491,1,0.0,0.0,0.0
diabetes,Pima Indians Diabetes,sugeno_o0,Sugeno_O0,46,2,154,8,0.01757543999997324,0.7662337662337663,validation_accuracy,5,1,0,,"{""n_rules"": 2, ""random_state"": 46, ""sigma_scale"": 0.5}",0.6948051948051948,0.661065818254126,0.65,0.6538001626249581,0.6869326736099455,0.6948051948051948,0.6893894358379938,1,0.574468085106383,0.5,0.5346534653465347
diabetes,Pima Indians Diabetes,mlp_classifier,MLP,47,2,154,8,0.43459637699993436,0.7727272727272727,validation_accuracy,5,1,1,Stochastic Optimizer: Maximum iterations (500) reached and the optimization hasn't converged yet.,"{""activation"": ""relu"", ""alpha"": 0.0001, ""hidden_layer_sizes"": [32], ""learning_rate_init"": 0.001, ""max_iter"": 500, ""random_state"": 47}",0.7077922077922078,0.6797979797979798,0.6812962962962963,0.6805126550182103,0.7090646727010365,0.7077922077922078,0.7083984200760743,1,0.5818181818181818,0.5925925925925926,0.5871559633027523
diabetes,Pima Indians Diabetes,rbf_network,RBF Network,47,2,154,8,0.09292616400000497,0.7467532467532467,validation_accuracy,5,3,0,,"{""gamma"": null, ""n_centers"": 8, ""random_state"": 47}",0.7077922077922078,0.6768707482993197,0.6685185185185185,0.6717973004972768,0.7022705185970491,0.7077922077922078,0.7042632953123126,1,0.5918367346938775,0.5370370370370371,0.5631067961165048
diabetes,Pima Indians Diabetes,fuzzy_cmeans,Fuzzy C-Means,47,2,154,8,0.1201595280000447,0.6883116883116883,validation_accuracy,5,2,0,,"{""m"": 1.5, ""n_clusters"": 4, ""random_state"": 47}",0.6558441558441559,0.6611479028697571,0.5135185185185185,0.4295100300552177,0.6594994409563946,0.6558441558441559,0.5368437391922398,1,0.6666666666666666,0.037037037037037035,0.07017543859649122
diabetes,Pima Indians Diabetes,sugeno_o0,Sugeno_O0,47,2,154,8,0.024139419999983147,0.7077922077922078,validation_accuracy,5,2,0,,"{""n_rules"": 4, ""random_state"": 47, ""sigma_scale"": 0.5}",0.7402597402597403,0.7149758454106281,0.6977777777777778,0.7038461538461538,0.7337348641696468,0.7402597402597403,0.7348651348651349,1,0.6521739130434783,0.5555555555555556,0.6
diabetes,Pima Indians Diabetes,mlp_classifier,MLP,48,2,154,8,0.5865725410000096,0.7402597402597403,validation_accuracy,5,2,1,Stochastic Optimizer: Maximum iterations (500) reached and the optimization hasn't converged yet.,"{""activation"": ""relu"", ""alpha"": 0.0001, ""hidden_layer_sizes"": [64], ""learning_rate_init"": 0.001, ""max_iter"": 500, ""random_state"": 48}",0.8116883116883117,0.8078947368421052,0.7622828320567906,0.7766441610402601,0.8103554340396446,0.8116883116883117,0.8042198861403663,1,0.8,0.6037735849056604,0.6881720430107527
diabetes,Pima Indians Diabetes,rbf_network,RBF Network,48,2,154,8,0.08563709700001709,0.7467532467532467,validation_accuracy,5,3,0,,"{""gamma"": null, ""n_centers"": 8, ""random_state"": 48}",0.7337662337662337,0.7132352941176471,0.6625256865309173,0.6716076350964789,0.7246944232238349,0.7337662337662337,0.7161391684718257,1,0.6764705882352942,0.4339622641509434,0.5287356321839081
diabetes,Pima Indians Diabetes,fuzzy_cmeans,Fuzzy C-Means,48,2,154,8,0.11956731399993714,0.6493506493506493,validation_accuracy,5,5,0,,"{""m"": 2.5, ""n_clusters"": 4, ""random_state"": 48}",0.6558441558441559,0.32792207792207795,0.5,0.396078431372549,0.4301315567549334,0.6558441558441559,0.5195314489432136,1,0.0,0.0,0.0
diabetes,Pima Indians Diabetes,sugeno_o0,Sugeno_O0,48,2,154,8,0.02843267299999752,0.7207792207792207,validation_accuracy,5,2,0,,"{""n_rules"": 4, ""random_state"": 48, ""sigma_scale"": 0.5}",0.7792207792207793,0.7592252803261978,0.7375303568092658,0.745578231292517,0.7742219044971339,0.7792207792207793,0.7744147009453131,1,0.7111111111111111,0.6037735849056604,0.6530612244897959
diabetes,Pima Indians Diabetes,mlp_classifier,MLP,49,2,154,8,0.5448846609999691,0.7857142857142857,validation_accuracy,5,2,1,Stochastic Optimizer: Maximum iterations (500) reached and the optimization hasn't converged yet.,"{""activation"": ""relu"", ""alpha"": 0.0001, ""hidden_layer_sizes"": [64], ""learning_rate_init"": 0.001, ""max_iter"": 500, ""random_state"": 49}",0.7077922077922078,0.6726190476190477,0.6516906407621894,0.6575240919199407,0.6967377860235003,0.7077922077922078,0.6984201861889037,1,0.5952380952380952,0.4716981132075472,0.5263157894736842
diabetes,Pima Indians Diabetes,rbf_network,RBF Network,49,2,154,8,0.06074986299995544,0.7402597402597403,validation_accuracy,5,1,0,,"{""gamma"": null, ""n_centers"": 2, ""random_state"": 49}",0.7272727272727273,0.7243410852713178,0.6351578554081824,0.6394648829431439,0.7256941508104298,0.7272727272727273,0.6949224688355125,1,0.72,0.33962264150943394,0.46153846153846156
diabetes,Pima Indians Diabetes,fuzzy_cmeans,Fuzzy C-Means,49,2,154,8,0.14450323400001253,0.6558441558441559,validation_accuracy,5,2,0,,"{""m"": 1.5, ""n_clusters"": 4, ""random_state"": 49}",0.6558441558441559,0.32792207792207795,0.5,0.396078431372549,0.4301315567549334,0.6558441558441559,0.5195314489432136,1,0.0,0.0,0.0
diabetes,Pima Indians Diabetes,sugeno_o0,Sugeno_O0,49,2,154,8,0.02663595499996063,0.7402597402597403,validation_accuracy,5,1,0,,"{""n_rules"": 2, ""random_state"": 49, ""sigma_scale"": 0.5}",0.7012987012987013,0.6643643427584718,0.6422566784980385,0.6478425134221515,0.6889872484519581,0.7012987012987013,0.6906074637233913,1,0.5853658536585366,0.4528301886792453,0.5106382978723404
diabetes,Pima Indians Diabetes,mlp_classifier,MLP,50,2,154,8,0.43763107899997067,0.7142857142857143,validation_accuracy,5,1,1,Stochastic Optimizer: Maximum iterations (500) reached and the optimization hasn't converged yet.,"{""activation"": ""relu"", ""alpha"": 0.0001, ""hidden_layer_sizes"": [32], ""learning_rate_init"": 0.001, ""max_iter"": 500, ""random_state"": 50}",0.8051948051948052,0.7973235484567236,0.7573323370072856,0.7703320739709684,0.802571052948778,0.8051948051948052,0.7982222589500378,1,0.7804878048780488,0.6037735849056604,0.6808510638297872
diabetes,Pima Indians Diabetes,rbf_network,RBF Network,50,2,154,8,0.07380559800003539,0.7142857142857143,validation_accuracy,5,1,0,,"{""gamma"": null, ""n_centers"": 2, ""random_state"": 50}",0.6688311688311688,0.6180840163934427,0.5861199327479918,0.5856502242152466,0.64514916436023,0.6688311688311688,0.6435152291654535,1,0.53125,0.32075471698113206,0.4
diabetes,Pima Indians Diabetes,fuzzy_cmeans,Fuzzy C-Means,50,2,154,8,0.14530268400005752,0.6753246753246753,validation_accuracy,5,2,0,,"{""m"": 1.5, ""n_clusters"": 4, ""random_state"": 50}",0.6818181818181818,0.8366666666666667,0.5377358490566038,0.47256587684350315,0.7857575757575758,0.6818181818181818,0.576113409202107,1,1.0,0.07547169811320754,0.14035087719298245
diabetes,Pima Indians Diabetes,sugeno_o0,Sugeno_O0,50,2,154,8,0.018765090000101736,0.7207792207792207,validation_accuracy,5,1,0,,"{""n_rules"": 2, ""random_state"": 50, ""sigma_scale"": 0.5}",0.6688311688311688,0.625,0.6130207360358677,0.6162603214931353,0.6568772136953955,0.6688311688311688,0.6605305087251635,1,0.5227272727272727,0.4339622641509434,0.4742268041237113
diabetes,Pima Indians Diabetes,mlp_classifier,MLP,51,2,154,8,0.47521548300005634,0.7727272727272727,validation_accuracy,5,1,1,Stochastic Optimizer: Maximum iterations (500) reached and the optimization hasn't converged yet.,"{""activation"": ""relu"", ""alpha"": 0.0001, ""hidden_layer_sizes"": [32], ""learning_rate_init"": 0.001, ""max_iter"": 500, ""random_state"": 51}",0.7532467532467533,0.7266953110405381,0.7266953110405381,0.7266953110405381,0.7532467532467533,0.7532467532467533,0.7532467532467533,1,0.6415094339622641,0.6415094339622641,0.6415094339622641
diabetes,Pima Indians Diabetes,rbf_network,RBF Network,51,2,154,8,0.07397019100005764,0.7532467532467533,validation_accuracy,5,4,0,,"{""gamma"": 0.1, ""n_centers"": 4, ""random_state"": 51}",0.6883116883116883,0.6565656565656566,0.6592564916869046,0.6577777777777778,0.6911976911976911,0.6883116883116883,0.6896392496392496,1,0.5454545454545454,0.5660377358490566,0.5555555555555556
diabetes,Pima Indians Diabetes,fuzzy_cmeans,Fuzzy C-Means,51,2,154,8,0.12979250800003683,0.6493506493506493,validation_accuracy,5,5,0,,"{""m"": 2.5, ""n_clusters"": 4, ""random_state"": 51}",0.6558441558441559,0.32792207792207795,0.5,0.396078431372549,0.4301315567549334,0.6558441558441559,0.5195314489432136,1,0.0,0.0,0.0
diabetes,Pima Indians Diabetes,sugeno_o0,Sugeno_O0,51,2,154,8,0.03351527300003454,0.6948051948051948,validation_accuracy,5,2,0,,"{""n_rules"": 4, ""random_state"": 51, ""sigma_scale"": 0.5}",0.6233766233766234,0.5277132426153336,0.5155987296842892,0.4934210526315789,0.5702303007314623,0.6233766233766234,0.5733937115516063,1,0.391304347826087,0.16981132075471697,0.23684210526315788
diabetes,Pima Indians Diabetes,mlp_classifier,MLP,52,2,154,8,0.4379181110000445,0.7727272727272727,validation_accuracy,5,1,1,Stochastic Optimizer: Maximum iterations (500) reached and the optimization hasn't converged yet.,"{""activation"": ""relu"", ""alpha"": 0.0001, ""hidden_layer_sizes"": [32], ""learning_rate_init"": 0.001, ""max_iter"": 500, ""random_state"": 52}",0.7857142857142857,0.7646464646464646,0.7668518518518519,0.7657092803466876,0.7866719139446412,0.7857142857142857,0.7861588413891212,1,0.6909090909090909,0.7037037037037037,0.6972477064220184
diabetes,Pima Indians Diabetes,rbf_network,RBF Network,52,2,154,8,0.06425517900004252,0.7727272727272727,validation_accuracy,5,3,0,,"{""gamma"": null, ""n_centers"": 8, ""random_state"": 52}",0.7532467532467533,0.7336309523809523,0.7035185185185185,0.7124606918238994,0.7465213358070502,0.7532467532467533,0.7448082577799559,1,0.6904761904761905,0.5370370370370371,0.6041666666666666
diabetes,Pima Indians Diabetes,fuzzy_cmeans,Fuzzy C-Means,52,2,154,8,0.12027453099995,0.6558441558441559,validation_accuracy,5,5,0,,"{""m"": 2.5, ""n_clusters"": 4, ""random_state"": 52}",0.6493506493506493,0.3246753246753247,0.5,0.3937007874015748,0.4216562658121099,0.6493506493506493,0.5112997238981491,1,0.0,0.0,0.0
diabetes,Pima Indians Diabetes,sugeno_o0,Sugeno_O0,52,2,154,8,0.0262421559999666,0.7402597402597403,validation_accuracy,5,2,0,,"{""n_rules"": 4, ""random_state"": 52, ""sigma_scale"": 0.5}",0.7272727272727273,0.7090686274509804,0.657962962962963,0.6659090909090909,0.7188057040998218,0.7272727272727273,0.7086776859504131,1,0.6764705882352942,0.42592592592592593,0.5227272727272727
diabetes,Pima Indians Diabetes,mlp_classifier,MLP,53,2,154,8,0.3669744520000222,0.7402597402597403,validation_accuracy,5,5,0,,"{""activation"": ""tanh"", ""alpha"": 0.001, ""hidden_layer_sizes"": [64, 32], ""learning_rate_init"": 0.01, ""max_iter"": 500, ""random_state"": 53}",0.7142857142857143,0.6840909090909091,0.665,0.6707482993197278,0.7051357733175915,0.7142857142857143,0.706511175898931,1,0.6136363636363636,0.5,0.5510204081632653
diabetes,Pima Indians Diabetes,rbf_network,RBF Network,53,2,154,8,0.056965143000070384,0.6818181818181818,validation_accuracy,5,1,0,,"{""gamma"": null, ""n_centers"": 2, ""random_state"": 53}",0.7987012987012987,0.7928987696956615,0.7512962962962964,0.7640721522115147,0.7966059410048187,0.7987012987012987,0.7910711477798209,1,0.7804878048780488,0.5925925925925926,0.6736842105263158
diabetes,Pima Indians Diabetes,fuzzy_cmeans,Fuzzy C-Means,53,2,154,8,0.16504163500007962,0.6623376623376623,validation_accuracy,5,2,0,,"{""m"": 1.5, ""n_clusters"": 4, ""random_state"": 53}",0.6623376623376623,0.7050000000000001,0.5227777777777778,0.4477241379310345,0.6915584415584416,0.6623376623376623,0.5505597850425438,1,0.75,0.05555555555555555,0.10344827586206896
diabetes,Pima Indians Diabetes,sugeno_o0,Sugeno_O0,53,2,154,8,0.01574009700004808,0.7012987012987013,validation_accuracy,5,1,0,,"{""n_rules"": 2, ""random_state"": 53, ""sigma_scale"": 0.5}",0.7337662337662337,0.7080808080808081,0.7098148148148149,0.7089115301277027,0.7349337531155714,0.7337662337662337,0.7343185605137567,1,0.6181818181818182,0.6296296296296297,0.6238532110091743
diabetes,Pima Indians Diabetes,mlp_classifier,MLP,54,2,154,8,0.8610229529999742,0.7987012987012987,validation_accuracy,5,3,1,Stochastic Optimizer: Maximum iterations (500) reached and the optimization hasn't converged yet.,"{""activation"": ""relu"", ""alpha"": 0.001, ""hidden_layer_sizes"": [64, 32], ""learning_rate_init"": 0.001, ""max_iter"": 500, ""random_state"": 54}",0.7142857142857143,0.6875,0.6905555555555556,0.6888888888888889,0.7168367346938775,0.7142857142857143,0.7154401154401154,1,0.5892857142857143,0.6111111111111112,0.6
diabetes,Pima Indians Diabetes,rbf_network,RBF Network,54,2,154,8,0.0595647900000813,0.7272727272727273,validation_accuracy,5,4,0,,"{""gamma"": 0.1, ""n_centers"": 4, ""random_state"": 54}",0.6623376623376623,0.623624213836478,0.6164814814814815,0.6188844469826765,0.6543279833374173,0.6623376623376623,0.6573238297967025,1,0.5208333333333334,0.46296296296296297,0.49019607843137253
diabetes,Pima Indians Diabetes,fuzzy_cmeans,Fuzzy C-Means,54,2,154,8,0.11757775299997775,0.6558441558441559,validation_accuracy,5,5,0,,"{""m"": 2.5, ""n_clusters"": 4, ""random_state"": 54}",0.6493506493506493,0.3246753246753247,0.5,0.3937007874015748,0.4216562658121099,0.6493506493506493,0.5112997238981491,1,0.0,0.0,0.0
diabetes,Pima Indians Diabetes,sugeno_o0,Sugeno_O0,54,2,154,8,0.02682156000003033,0.7467532467532467,validation_accuracy,5,2,0,,"{""n_rules"": 4, ""random_state"": 54, ""sigma_scale"": 0.5}",0.7207792207792207,0.6916882083913303,0.6785185185185185,0.6832639785717702,0.713991317888713,0.7207792207792207,0.7158243774688028,1,0.6170212765957447,0.5370370370370371,0.5742574257425742
diabetes,Pima Indians Diabetes,mlp_classifier,MLP,55,2,154,8,0.43671784799994384,0.7207792207792207,validation_accuracy,5,1,1,Stochastic Optimizer: Maximum iterations (500) reached and the optimization hasn't converged yet.,"{""activation"": ""relu"", ""alpha"": 0.0001, ""hidden_layer_sizes"": [32], ""learning_rate_init"": 0.001, ""max_iter"": 500, ""random_state"": 55}",0.7207792207792207,0.6929759013637213,0.6912962962962963,0.6921002464313943,0.7196207491369083,0.7207792207792207,0.72016902983565,1,0.6037735849056604,0.5925925925925926,0.5981308411214953
diabetes,Pima Indians Diabetes,rbf_network,RBF Network,55,2,154,8,0.06858091999993121,0.7012987012987013,validation_accuracy,5,4,0,,"{""gamma"": 0.1, ""n_centers"": 4, ""random_state"": 55}",0.6948051948051948,0.661065818254126,0.65,0.6538001626249581,0.6869326736099455,0.6948051948051948,0.6893894358379938,1,0.574468085106383,0.5,0.5346534653465347
diabetes,Pima Indians Diabetes,fuzzy_cmeans,Fuzzy C-Means,55,2,154,8,0.1523215770000661,0.6688311688311688,validation_accuracy,5,2,0,,"{""m"": 1.5, ""n_clusters"": 4, ""random_state"": 55}",0.6818181818181818,0.7653061224489796,0.5505555555555556,0.4991703723368952,0.7378743705274318,0.6818181818181818,0.589512299607209,1,0.8571428571428571,0.1111111111111111,0.19672131147540983
diabetes,Pima Indians Diabetes,sugeno_o0,Sugeno_O0,55,2,154,8,0.024930186999995385,0.6883116883116883,validation_accuracy,5,3,0,,"{""n_rules"": 4, ""random_state"": 55, ""sigma_scale"": 1.0}",0.6753246753246753,0.6474673202614379,0.5668518518518518,0.5468455743879472,0.6583269671504967,0.6753246753246753,0.6189192163768434,1,0.6111111111111112,0.2037037037037037,0.3055555555555556
diabetes,Pima Indians Diabetes,mlp_classifier,MLP,56,2,154,8,0.4767506730000832,0.7662337662337663,validation_accuracy,5,1,1,Stochastic Optimizer: Maximum iterations (500) reached and the optimization hasn't converged yet.,"{""activation"": ""relu"", ""alpha"": 0.0001, ""hidden_layer_sizes"": [32], ""learning_rate_init"": 0.001, ""max_iter"": 500, ""random_state"": 56}",0.7467532467532467,0.7215876641918904,0.7155555555555555,0.7182266009852216,0.743849525688475,0.7467532467532467,0.7450067174205105,1,0.6470588235294118,0.6111111111111112,0.6285714285714286
diabetes,Pima Indians Diabetes,rbf_network,RBF Network,56,2,154,8,0.06608239599995613,0.6818181818181818,validation_accuracy,5,1,0,,"{""gamma"": null, ""n_centers"": 2, ""random_state"": 56}",0.7337662337662337,0.7075433231396535,0.6885185185185185,0.694843168527379,0.7263910401525081,0.7337662337662337,0.7273970049089666,1,0.6444444444444445,0.5370370370370371,0.5858585858585859
diabetes,Pima Indians Diabetes,fuzzy_cmeans,Fuzzy C-Means,56,2,154,8,0.12216727500003799,0.6558441558441559,validation_accuracy,5,5,0,,"{""m"": 2.5, ""n_clusters"": 4, ""random_state"": 56}",0.6493506493506493,0.3246753246753247,0.5,0.3937007874015748,0.4216562658121099,0.6493506493506493,0.5112997238981491,1,0.0,0.0,0.0
diabetes,Pima Indians Diabetes,sugeno_o0,Sugeno_O0,56,2,154,8,0.01982941899996149,0.6753246753246753,validation_accuracy,5,1,0,,"{""n_rules"": 2, ""random_state"": 56, ""sigma_scale"": 0.5}",0.7012987012987013,0.6837121212121211,0.6975925925925925,0.6859929078014184,0.7204840613931522,0.7012987012987013,0.7067007460624483,1,0.5606060606060606,0.6851851851851852,0.6166666666666667
diabetes,Pima Indians Diabetes,mlp_classifier,MLP,57,2,154,8,0.9189189439999836,0.7532467532467533,validation_accuracy,5,3,1,Stochastic Optimizer: Maximum iterations (500) reached and the optimization hasn't converged yet.,"{""activation"": ""relu"", ""alpha"": 0.001, ""hidden_layer_sizes"": [64, 32], ""learning_rate_init"": 0.001, ""max_iter"": 500, ""random_state"": 57}",0.7012987012987013,0.6684782608695652,0.655,0.6594230769230769,0.6928289102202145,0.7012987012987013,0.6950949050949051,1,0.5869565217391305,0.5,0.54
diabetes,Pima Indians Diabetes,rbf_network,RBF Network,57,2,154,8,0.11163012899999103,0.7207792207792207,validation_accuracy,5,3,0,,"{""gamma"": null, ""n_centers"": 8, ""random_state"": 57}",0.7012987012987013,0.670814479638009,0.6677777777777778,0.6691574817859145,0.6988599635658459,0.7012987012987013,0.6999594838190019,1,0.5769230769230769,0.5555555555555556,0.5660377358490566
diabetes,Pima Indians Diabetes,fuzzy_cmeans,Fuzzy C-Means,57,2,154,8,0.11992907199999081,0.6558441558441559,validation_accuracy,5,5,0,,"{""m"": 2.5, ""n_clusters"": 4, ""random_state"": 57}",0.6493506493506493,0.3246753246753247,0.5,0.3937007874015748,0.4216562658121099,0.6493506493506493,0.5112997238981491,1,0.0,0.0,0.0
diabetes,Pima Indians Diabetes,sugeno_o0,Sugeno_O0,57,2,154,8,0.028509523000025183,0.7077922077922078,validation_accuracy,5,2,0,,"{""n_rules"": 4, ""random_state"": 57, ""sigma_scale"": 0.5}",0.7402597402597403,0.7142307692307692,0.7062962962962962,0.7096530920060332,0.7364035964035964,0.7402597402597403,0.7378112083994437,1,0.64,0.5925925925925926,0.6153846153846154
diabetes,Pima Indians Diabetes,mlp_classifier,MLP,58,2,154,8,0.4522902850000037,0.7597402597402597,validation_accuracy,5,1,1,Stochastic Optimizer: Maximum iterations (500) reached and the optimization hasn't converged yet.,"{""activation"": ""relu"", ""alpha"": 0.0001, ""hidden_layer_sizes"": [32], ""learning_rate_init"": 0.001, ""max_iter"": 500, ""random_state"": 58}",0.7792207792207793,0.7663690476190477,0.732037037037037,0.7427279874213837,0.7748144712430427,0.7792207792207793,0.7716705464346973,1,0.7380952380952381,0.5740740740740741,0.6458333333333334
diabetes,Pima Indians Diabetes,rbf_network,RBF Network,58,2,154,8,0.08117296799991891,0.7272727272727273,validation_accuracy,5,3,0,,"{""gamma"": null, ""n_centers"": 8, ""random_state"": 58}",0.7207792207792207,0.6983193277310924,0.652962962962963,0.6602534503103996,0.7106187929717341,0.7207792207792207,0.7030870724883347,1,0.6571428571428571,0.42592592592592593,0.5168539325842697
diabetes,Pima Indians Diabetes,fuzzy_cmeans,Fuzzy C-Means,58,2,154,8,0.1335727370000086,0.6688311688311688,validation_accuracy,5,2,0,,"{""m"": 1.5, ""n_clusters"": 4, ""random_state"": 58}",0.6428571428571429,0.525503355704698,0.5035185185185185,0.4234565380164727,0.5629913710450622,0.6428571428571429,0.5296926203603761,1,0.4,0.037037037037037035,0.06779661016949153
diabetes,Pima Indians Diabetes,sugeno_o0,Sugeno_O0,58,2,154,8,0.017899371999988034,0.7337662337662337,validation_accuracy,5,1,0,,"{""n_rules"": 2, ""random_state"": 58, ""sigma_scale"": 0.5}",0.6688311688311688,0.6302144249512671,0.5618518518518518,0.542174293208977,0.6455279613174351,0.6688311688311688,0.6141028892413327,1,0.5789473684210527,0.2037037037037037,0.3013698630136986
diabetes,Pima Indians Diabetes,mlp_classifier,MLP,59,2,154,8,0.4549267869999767,0.7857142857142857,validation_accuracy,5,1,1,Stochastic Optimizer: Maximum iterations (500) reached and the optimization hasn't converged yet.,"{""activation"": ""relu"", ""alpha"": 0.0001, ""hidden_layer_sizes"": [32], ""learning_rate_init"": 0.001, ""max_iter"": 500, ""random_state"": 59}",0.8116883116883117,0.798866573871545,0.7783333333333333,0.7863873343856125,0.8086965728643996,0.8116883116883117,0.8083466731766346,1,0.7659574468085106,0.6666666666666666,0.7128712871287128
diabetes,Pima Indians Diabetes,rbf_network,RBF Network,59,2,154,8,0.08586023999998815,0.7272727272727273,validation_accuracy,5,4,0,,"{""gamma"": 0.1, ""n_centers"": 4, ""random_state"": 59}",0.7597402597402597,0.7459308807134895,0.7042592592592593,0.7150287571892973,0.7542891890717976,0.7597402597402597,0.7487456279654329,1,0.717948717948718,0.5185185185185185,0.6021505376344086
diabetes,Pima Indians Diabetes,fuzzy_cmeans,Fuzzy C-Means,59,2,154,8,0.12645478199999616,0.6558441558441559,validation_accuracy,5,5,0,,"{""m"": 2.5, ""n_clusters"": 4, ""random_state"": 59}",0.6493506493506493,0.3246753246753247,0.5,0.3937007874015748,0.4216562658121099,0.6493506493506493,0.5112997238981491,1,0.0,0.0,0.0
diabetes,Pima Indians Diabetes,sugeno_o0,Sugeno_O0,59,2,154,8,0.026639341999953103,0.7467532467532467,validation_accuracy,5,2,0,,"{""n_rules"": 4, ""random_state"": 59, ""sigma_scale"": 0.5}",0.7727272727272727,0.7630992196209587,0.7185185185185186,0.730432608152038,0.7689267254484645,0.7727272727272727,0.762326945372707,1,0.7435897435897436,0.5370370370370371,0.6236559139784946
diabetes,Pima Indians Diabetes,mlp_classifier,MLP,60,2,154,8,0.43583158900003127,0.7792207792207793,validation_accuracy,5,1,1,Stochastic Optimizer: Maximum iterations (500) reached and the optimization hasn't converged yet.,"{""activation"": ""relu"", ""alpha"": 0.0001, ""hidden_layer_sizes"": [32], ""learning_rate_init"": 0.001, ""max_iter"": 500, ""random_state"": 60}",0.8051948051948052,0.8035087719298246,0.7562962962962962,0.7703320739709684,0.8045568466621098,0.8051948051948052,0.7970601679092433,1,0.8,0.5925925925925926,0.6808510638297872
diabetes,Pima Indians Diabetes,rbf_network,RBF Network,60,2,154,8,0.06051254600004086,0.7207792207792207,validation_accuracy,5,3,0,,"{""gamma"": null, ""n_centers"": 8, ""random_state"": 60}",0.7727272727272727,0.7630992196209587,0.7185185185185186,0.730432608152038,0.7689267254484645,0.7727272727272727,0.762326945372707,1,0.7435897435897436,0.5370370370370371,0.6236559139784946
diabetes,Pima Indians Diabetes,fuzzy_cmeans,Fuzzy C-Means,60,2,154,8,0.11946281399991676,0.6558441558441559,validation_accuracy,5,5,0,,"{""m"": 2.5, ""n_clusters"": 4, ""random_state"": 60}",0.6493506493506493,0.3246753246753247,0.5,0.3937007874015748,0.4216562658121099,0.6493506493506493,0.5112997238981491,1,0.0,0.0,0.0
diabetes,Pima Indians Diabetes,sugeno_o0,Sugeno_O0,60,2,154,8,0.02632639699993433,0.7337662337662337,validation_accuracy,5,2,0,,"{""n_rules"": 4, ""random_state"": 60, ""sigma_scale"": 0.5}",0.7207792207792207,0.6939393939393939,0.6955555555555556,0.6947120925729565,0.7219992129083038,0.7207792207792207,0.7213584902949155,1,0.6,0.6111111111111112,0.6055045871559633
diabetes,Pima Indians Diabetes,mlp_classifier,MLP,61,2,154,8,0.5642859900000303,0.7597402597402597,validation_accuracy,5,2,1,Stochastic Optimizer: Maximum iterations (500) reached and the optimization hasn't converged yet.,"{""activation"": ""relu"", ""alpha"": 0.0001, ""hidden_layer_sizes"": [64], ""learning_rate_init"": 0.001, ""max_iter"": 500, ""random_state"": 61}",0.7337662337662337,0.7075433231396535,0.6885185185185185,0.694843168527379,0.7263910401525081,0.7337662337662337,0.7273970049089666,1,0.6444444444444445,0.5370370370370371,0.5858585858585859
diabetes,Pima Indians Diabetes,rbf_network,RBF Network,61,2,154,8,0.07997682899997471,0.7792207792207793,validation_accuracy,5,2,0,,"{""gamma"": null, ""n_centers"": 4, ""random_state"": 61}",0.7207792207792207,0.6918367346938776,0.6827777777777778,0.6863840871418423,0.7156109196925524,0.7207792207792207,0.7174071488539876,1,0.6122448979591837,0.5555555555555556,0.5825242718446602
diabetes,Pima Indians Diabetes,fuzzy_cmeans,Fuzzy C-Means,61,2,154,8,0.1305006019999837,0.6688311688311688,validation_accuracy,5,2,0,,"{""m"": 1.5, ""n_clusters"": 4, ""random_state"": 61}",0.6493506493506493,0.3246753246753247,0.5,0.3937007874015748,0.4216562658121099,0.6493506493506493,0.5112997238981491,1,0.0,0.0,0.0
diabetes,Pima Indians Diabetes,sugeno_o0,Sugeno_O0,61,2,154,8,0.024046792000035566,0.7337662337662337,validation_accuracy,5,2,0,,"{""n_rules"": 4, ""random_state"": 61, ""sigma_scale"": 0.5}",0.7922077922077922,0.7866228070175438,0.742037037037037,0.7550208789023662,0.7900945545682388,0.7922077922077922,0.7835308457698594,1,0.775,0.5740740740740741,0.6595744680851063
diabetes,Pima Indians Diabetes,mlp_classifier,MLP,62,2,154,8,0.4487376320000749,0.7142857142857143,validation_accuracy,5,1,1,Stochastic Optimizer: Maximum iterations (500) reached and the optimization hasn't converged yet.,"{""activation"": ""relu"", ""alpha"": 0.0001, ""hidden_layer_sizes"": [32], ""learning_rate_init"": 0.001, ""max_iter"": 500, ""random_state"": 62}",0.7727272727272727,0.7494103773584906,0.7370633289744069,0.7421916104653944,0.7687071183533448,0.7727272727272727,0.7698465498723785,1,0.6875,0.6226415094339622,0.6534653465346535
diabetes,Pima Indians Diabetes,rbf_network,RBF Network,62,2,154,8,0.053109776000042075,0.6883116883116883,validation_accuracy,5,2,0,,"{""gamma"": null, ""n_centers"": 4, ""random_state"": 62}",0.6948051948051948,0.6598076923076923,0.6552400523071176,0.6572105138527113,0.6909165834165835,0.6948051948051948,0.6925937429844605,1,0.56,0.5283018867924528,0.5436893203883495
diabetes,Pima Indians Diabetes,fuzzy_cmeans,Fuzzy C-Means,62,2,154,8,0.11882875799994963,0.6493506493506493,validation_accuracy,5,5,0,,"{""m"": 2.5, ""n_clusters"": 4, ""random_state"": 62}",0.6558441558441559,0.32792207792207795,0.5,0.396078431372549,0.4301315567549334,0.6558441558441559,0.5195314489432136,1,0.0,0.0,0.0
diabetes,Pima Indians Diabetes,sugeno_o0,Sugeno_O0,62,2,154,8,0.03182869500005836,0.6688311688311688,validation_accuracy,5,4,0,,"{""n_rules"": 8, ""random_state"": 62, ""sigma_scale"": 1.0}",0.6883116883116883,0.7062937062937062,0.5606202129646927,0.5266393442622951,0.6997547906638816,0.6883116883116883,0.6128645944219715,1,0.7272727272727273,0.1509433962264151,0.25
faults,Steel Plates Faults,mlp_classifier,MLP,42,7,389,27,2.538256524000076,0.7448453608247423,validation_accuracy,5,3,1,Stochastic Optimizer: Maximum iterations (500) reached and the optimization hasn't converged yet.,"{""activation"": ""relu"", ""alpha"": 0.001, ""hidden_layer_sizes"": [64, 32], ""learning_rate_init"": 0.001, ""max_iter"": 500, ""random_state"": 42}",0.7583547557840618,0.8059427650658926,0.7870481873615472,0.7947888140610513,0.7615978806169407,0.7583547557840618,0.7591980072117822,,,,
faults,Steel Plates Faults,rbf_network,RBF Network,42,7,389,27,0.15119721799999297,0.6443298969072165,validation_accuracy,5,2,0,,"{""gamma"": null, ""n_centers"": 14, ""random_state"": 42}",0.6606683804627249,0.7184760266617481,0.5383822180515835,0.5554585633407308,0.7068457097271301,0.6606683804627249,0.6369140873480126,,,,
faults,Steel Plates Faults,fuzzy_cmeans,Fuzzy C-Means,42,7,389,27,0.8268302599999515,0.5103092783505154,validation_accuracy,5,2,0,,"{""m"": 1.5, ""n_clusters"": 14, ""random_state"": 42}",0.5089974293059126,0.2920950017724211,0.26158551559395443,0.2331577283205157,0.47772809328493876,0.5089974293059126,0.4149729532000057,,,,
faults,Steel Plates Faults,sugeno_o0,Sugeno_O0,42,7,389,27,0.14968994200000907,0.5592783505154639,validation_accuracy,5,2,0,,"{""n_rules"": 14, ""random_state"": 42, ""sigma_scale"": 0.5}",0.5809768637532133,0.5220090573386489,0.427977233284806,0.4532501314819562,0.5753020557287714,0.5809768637532133,0.5515107673842464,,,,
faults,Steel Plates Faults,mlp_classifier,MLP,43,7,389,27,2.186266348999993,0.770618556701031,validation_accuracy,5,3,1,Stochastic Optimizer: Maximum iterations (500) reached and the optimization hasn't converged yet.,"{""activation"": ""relu"", ""alpha"": 0.001, ""hidden_layer_sizes"": [64, 32], ""learning_rate_init"": 0.001, ""max_iter"": 500, ""random_state"": 43}",0.7634961439588689,0.793374859907118,0.740006398109598,0.7623160508454297,0.7675706017867475,0.7634961439588689,0.7634159454403898,,,,
faults,Steel Plates Faults,rbf_network,RBF Network,43,7,389,27,0.20655078000004323,0.6752577319587629,validation_accuracy,5,3,0,,"{""gamma"": null, ""n_centers"": 28, ""random_state"": 43}",0.6786632390745502,0.7712611673629635,0.5569891135188617,0.5963173504120113,0.6964447021732173,0.6786632390745502,0.6620630975698099,,,,
faults,Steel Plates Faults,fuzzy_cmeans,Fuzzy C-Means,43,7,389,27,0.3769650949999459,0.5180412371134021,validation_accuracy,5,1,0,,"{""m"": 1.5, ""n_clusters"": 7, ""random_state"": 43}",0.5038560411311054,0.19518716577540104,0.2546647913736521,0.2071073633488932,0.3367540519362688,0.5038560411311054,0.3780318493552361,,,,
faults,Steel Plates Faults,sugeno_o0,Sugeno_O0,43,7,389,27,0.14588556199998948,0.5773195876288659,validation_accuracy,5,2,0,,"{""n_rules"": 14, ""random_state"": 43, ""sigma_scale"": 0.5}",0.5912596401028277,0.37871068468612157,0.3709038183832765,0.36377255576359563,0.5461788721187784,0.5912596401028277,0.5467028717406271,,,,
faults,Steel Plates Faults,mlp_classifier,MLP,44,7,389,27,1.039053889999991,0.7422680412371134,validation_accuracy,5,4,0,,"{""activation"": ""tanh"", ""alpha"": 0.0001, ""hidden_layer_sizes"": [64], ""learning_rate_init"": 0.01, ""max_iter"": 500, ""random_state"": 44}",0.7172236503856041,0.7284019776000531,0.7283676465257408,0.7274867948144452,0.7165653982039012,0.7172236503856041,0.7159283640384559,,,,
faults,Steel Plates Faults,rbf_network,RBF Network,44,7,389,27,0.21131139299995993,0.6701030927835051,validation_accuracy,5,3,0,,"{""gamma"": null, ""n_centers"": 28, ""random_state"": 44}",0.6838046272493573,0.784864689503563,0.5973019086459077,0.6179946201869732,0.7296537839206797,0.6838046272493573,0.6654454869537803,,,,
faults,Steel Plates Faults,fuzzy_cmeans,Fuzzy C-Means,44,7,389,27,0.7635508930000015,0.5128865979381443,validation_accuracy,5,2,0,,"{""m"": 1.5, ""n_clusters"": 14, ""random_state"": 44}",0.5115681233933161,0.28880919780052594,0.26291161565423166,0.2219647029142599,0.47332825686760155,0.5115681233933161,0.39892130786005847,,,,
faults,Steel Plates Faults,sugeno_o0,Sugeno_O0,44,7,389,27,0.15339017500002683,0.595360824742268,validation_accuracy,5,2,0,,"{""n_rules"": 14, ""random_state"": 44, ""sigma_scale"": 0.5}",0.5989717223650386,0.4972024904655434,0.46192722110681567,0.4601108898473893,0.5759619234087645,0.5989717223650386,0.5544537739771026,,,,
faults,Steel Plates Faults,mlp_classifier,MLP,45,7,389,27,2.2304096109999136,0.7371134020618557,validation_accuracy,5,3,1,Stochastic Optimizer: Maximum iterations (500) reached and the optimization hasn't converged yet.,"{""activation"": ""relu"", ""alpha"": 0.001, ""hidden_layer_sizes"": [64, 32], ""learning_rate_init"": 0.001, ""max_iter"": 500, ""random_state"": 45}",0.7326478149100257,0.7710614614639785,0.7777405404583803,0.7733314756414381,0.7316537894408307,0.7326478149100257,0.7315841091912373,,,,
faults,Steel Plates Faults,rbf_network,RBF Network,45,7,389,27,0.2036717610000096,0.6675257731958762,validation_accuracy,5,3,0,,"{""gamma"": null, ""n_centers"": 28, ""random_state"": 45}",0.7017994858611826,0.7683650580597907,0.5889614662075623,0.6196946630257129,0.7084215309447247,0.7017994858611826,0.6832188194385874,,,,
faults,Steel Plates Faults,fuzzy_cmeans,Fuzzy C-Means,45,7,389,27,0.802530622000063,0.5,validation_accuracy,5,2,0,,"{""m"": 1.5, ""n_clusters"": 14, ""random_state"": 45}",0.5295629820051414,0.30652566611470716,0.2733641417185721,0.22791468406507784,0.5005167122204133,0.5295629820051414,0.40938771789699735,,,,
faults,Steel Plates Faults,sugeno_o0,Sugeno_O0,45,7,389,27,0.17060895099996287,0.5618556701030928,validation_accuracy,5,2,0,,"{""n_rules"": 14, ""random_state"": 45, ""sigma_scale"": 0.5}",0.6015424164524421,0.4020333654479996,0.3738596373728508,0.36892189946844883,0.5729686409039346,0.6015424164524421,0.552603001405408,,,,
faults,Steel Plates Faults,mlp_classifier,MLP,46,7,389,27,1.603346891000001,0.7422680412371134,validation_accuracy,5,2,1,Stochastic Optimizer: Maximum iterations (500) reached and the optimization hasn't converged yet.,"{""activation"": ""relu"", ""alpha"": 0.0001, ""hidden_layer_sizes"": [64], ""learning_rate_init"": 0.001, ""max_iter"": 500, ""random_state"": 46}",0.7686375321336761,0.7910745870829904,0.7951533959714885,0.7893472967246101,0.7669624727918996,0.7686375321336761,0.7657601632171886,,,,
faults,Steel Plates Faults,rbf_network,RBF Network,46,7,389,27,0.20798712700002397,0.6804123711340206,validation_accuracy,5,3,0,,"{""gamma"": null, ""n_centers"": 28, ""random_state"": 46}",0.7017994858611826,0.7084161809676416,0.5829206120350479,0.5871940582750123,0.7079480392159969,0.7017994858611826,0.6750498980904373,,,,
faults,Steel Plates Faults,fuzzy_cmeans,Fuzzy C-Means,46,7,389,27,1.0643069360000936,0.48711340206185566,validation_accuracy,5,2,0,,"{""m"": 1.5, ""n_clusters"": 14, ""random_state"": 46}",0.5269922879177378,0.338695153391639,0.2708503560824236,0.22242506440327134,0.5477993495684471,0.5269922879177378,0.4019214554169093,,,,
faults,Steel Plates Faults,sugeno_o0,Sugeno_O0,46,7,389,27,0.16082183499997882,0.5644329896907216,validation_accuracy,5,2,0,,"{""n_rules"": 14, ""random_state"": 46, ""sigma_scale"": 0.5}",0.6118251928020566,0.5211438966072403,0.4576148696703247,0.47310098124956046,0.587229193931593,0.6118251928020566,0.5768713189790129,,,,
faults,Steel Plates Faults,mlp_classifier,MLP,47,7,389,27,0.7290167820000306,0.7603092783505154,validation_accuracy,5,5,0,,"{""activation"": ""tanh"", ""alpha"": 0.001, ""hidden_layer_sizes"": [64, 32], ""learning_rate_init"": 0.01, ""max_iter"": 500, ""random_state"": 47}",0.7480719794344473,0.7754433281260739,0.7959423256406015,0.7846816257128719,0.7510399984115789,0.7480719794344473,0.7484657244505644,,,,
faults,Steel Plates Faults,rbf_network,RBF Network,47,7,389,27,0.18175150199999734,0.6701030927835051,validation_accuracy,5,3,0,,"{""gamma"": null, ""n_centers"": 28, ""random_state"": 47}",0.6709511568123393,0.6781956604880232,0.540801424120686,0.5739186341333274,0.6892703254655259,0.6709511568123393,0.6542543414651139,,,,
faults,Steel Plates Faults,fuzzy_cmeans,Fuzzy C-Means,47,7,389,27,1.1552424399999381,0.5025773195876289,validation_accuracy,5,2,0,,"{""m"": 1.5, ""n_clusters"": 14, ""random_state"": 47}",0.5012853470437018,0.26211867383609394,0.25713392717612127,0.2195056704986237,0.4339840458455843,0.5012853470437018,0.39459843878440487,,,,
faults,Steel Plates Faults,sugeno_o0,Sugeno_O0,47,7,389,27,0.1543374699999731,0.5747422680412371,validation_accuracy,5,2,0,,"{""n_rules"": 14, ""random_state"": 47, ""sigma_scale"": 0.5}",0.5681233933161953,0.372212253661529,0.3502892251726362,0.3473914085691621,0.5274043441004433,0.5681233933161953,0.5221415758376845,,,,
faults,Steel Plates Faults,mlp_classifier,MLP,48,7,389,27,1.252694316999964,0.7757731958762887,validation_accuracy,5,1,1,Stochastic Optimizer: Maximum iterations (500) reached and the optimization hasn't converged yet.,"{""activation"": ""relu"", ""alpha"": 0.0001, ""hidden_layer_sizes"": [32], ""learning_rate_init"": 0.001, ""max_iter"": 500, ""random_state"": 48}",0.7763496143958869,0.7911614420542993,0.7845886567914176,0.7864221325536886,0.7790600024372518,0.7763496143958869,0.7771454375046047,,,,
faults,Steel Plates Faults,rbf_network,RBF Network,48,7,389,27,0.21363050399997974,0.7010309278350515,validation_accuracy,5,3,0,,"{""gamma"": null, ""n_centers"": 28, ""random_state"": 48}",0.6863753213367609,0.6625482264674863,0.5647285487479071,0.5737537331551906,0.6909806377560274,0.6863753213367609,0.663819696540826,,,,
faults,Steel Plates Faults,fuzzy_cmeans,Fuzzy C-Means,48,7,389,27,0.4424066679999896,0.5025773195876289,validation_accuracy,5,1,0,,"{""m"": 1.5, ""n_clusters"": 7, ""random_state"": 48}",0.4987146529562982,0.1925803814348706,0.25179827205143657,0.20451308968098608,0.33260257030820595,0.4987146529562982,0.37371520456585616,,,,
faults,Steel Plates Faults,sugeno_o0,Sugeno_O0,48,7,389,27,0.15054715199994462,0.5644329896907216,validation_accuracy,5,2,0,,"{""n_rules"": 14, ""random_state"": 48, ""sigma_scale"": 0.5}",0.5578406169665809,0.36523226792504637,0.3655495983277462,0.3534037187970002,0.5127181184154939,0.5578406169665809,0.5118590438500689,,,,
faults,Steel Plates Faults,mlp_classifier,MLP,49,7,389,27,1.1070083309999745,0.7783505154639175,validation_accuracy,5,4,0,,"{""activation"": ""tanh"", ""alpha"": 0.0001, ""hidden_layer_sizes"": [64], ""learning_rate_init"": 0.01, ""max_iter"": 500, ""random_state"": 49}",0.7403598971722365,0.7643847663306216,0.775661733082541,0.7687577794092834,0.7426290293378647,0.7403598971722365,0.7402536102840874,,,,
faults,Steel Plates Faults,rbf_network,RBF Network,49,7,389,27,0.2007242849999784,0.7036082474226805,validation_accuracy,5,3,0,,"{""gamma"": null, ""n_centers"": 28, ""random_state"": 49}",0.6966580976863753,0.6395845716895417,0.5708025749124822,0.5892323095079987,0.688640515720989,0.6966580976863753,0.6806577398608247,,,,
faults,Steel Plates Faults,fuzzy_cmeans,Fuzzy C-Means,49,7,389,27,0.3907979159999968,0.5,validation_accuracy,5,1,0,,"{""m"": 1.5, ""n_clusters"": 7, ""random_state"": 49}",0.5167095115681234,0.20039137150187178,0.26295626548791107,0.21418341772799346,0.34497011691782403,0.5167095115681234,0.38908923060497375,,,,
faults,Steel Plates Faults,sugeno_o0,Sugeno_O0,49,7,389,27,0.12774430700005723,0.5824742268041238,validation_accuracy,5,2,0,,"{""n_rules"": 14, ""random_state"": 49, ""sigma_scale"": 0.5}",0.6323907455012854,0.5357207072220557,0.4618794994988643,0.4709606392365013,0.6265064213426926,0.6323907455012854,0.5907009889848291,,,,
faults,Steel Plates Faults,mlp_classifier,MLP,50,7,389,27,0.7864159929999914,0.7628865979381443,validation_accuracy,5,4,0,,"{""activation"": ""tanh"", ""alpha"": 0.0001, ""hidden_layer_sizes"": [64], ""learning_rate_init"": 0.01, ""max_iter"": 500, ""random_state"": 50}",0.7634961439588689,0.7758603715157734,0.7967676008729029,0.7843172578825,0.7654329578745199,0.7634961439588689,0.7636227458105418,,,,
faults,Steel Plates Faults,rbf_network,RBF Network,50,7,389,27,0.1976667120000002,0.6778350515463918,validation_accuracy,5,3,0,,"{""gamma"": null, ""n_centers"": 28, ""random_state"": 50}",0.7017994858611826,0.8023012353500159,0.6258083420907795,0.6694555805360956,0.7209210730958177,0.7017994858611826,0.6954017800796571,,,,
faults,Steel Plates Faults,fuzzy_cmeans,Fuzzy C-Means,50,7,389,27,0.4780956529999685,0.5103092783505154,validation_accuracy,5,2,0,,"{""m"": 1.5, ""n_clusters"": 14, ""random_state"": 50}",0.519280205655527,0.28412063789489084,0.268908088317371,0.23447002545876142,0.4670900159089929,0.519280205655527,0.41757516388401394,,,,
faults,Steel Plates Faults,sugeno_o0,Sugeno_O0,50,7,389,27,0.16077187600001253,0.615979381443299,validation_accuracy,5,2,0,,"{""n_rules"": 14, ""random_state"": 50, ""sigma_scale"": 0.5}",0.596401028277635,0.47613583861477515,0.4372646336892395,0.4431648789130976,0.5590620624767394,0.596401028277635,0.5584729113299659,,,,
faults,Steel Plates Faults,mlp_classifier,MLP,51,7,389,27,2.289332883000043,0.7551546391752577,validation_accuracy,5,3,1,Stochastic Optimizer: Maximum iterations (500) reached and the optimization hasn't converged yet.,"{""activation"": ""relu"", ""alpha"": 0.001, ""hidden_layer_sizes"": [64, 32], ""learning_rate_init"": 0.001, ""max_iter"": 500, ""random_state"": 51}",0.7352185089974294,0.7414069010272634,0.7699664593979803,0.7452848376604289,0.7421239116522037,0.7352185089974294,0.7356208689819316,,,,
faults,Steel Plates Faults,rbf_network,RBF Network,51,7,389,27,0.19359412500000417,0.6726804123711341,validation_accuracy,5,3,0,,"{""gamma"": null, ""n_centers"": 28, ""random_state"": 51}",0.6632390745501285,0.6189292066210583,0.5298472252822194,0.5579004636689567,0.6571534249363592,0.6632390745501285,0.6472494116842156,,,,
faults,Steel Plates Faults,fuzzy_cmeans,Fuzzy C-Means,51,7,389,27,0.7353196419999222,0.5103092783505154,validation_accuracy,5,2,0,,"{""m"": 1.5, ""n_clusters"": 14, ""random_state"": 51}",0.5167095115681234,0.26606441075894455,0.2658227848101266,0.22179820145037343,0.4409819518722717,0.5167095115681234,0.39958374382224465,,,,
faults,Steel Plates Faults,sugeno_o0,Sugeno_O0,51,7,389,27,0.14687095500005398,0.5927835051546392,validation_accuracy,5,2,0,,"{""n_rules"": 14, ""random_state"": 51, ""sigma_scale"": 0.5}",0.583547557840617,0.6518314401232191,0.4243997365648983,0.4477328489664543,0.6435940087583756,0.583547557840617,0.554627144412739,,,,
faults,Steel Plates Faults,mlp_classifier,MLP,52,7,389,27,0.5542240250000532,0.7396907216494846,validation_accuracy,5,5,0,,"{""activation"": ""tanh"", ""alpha"": 0.001, ""hidden_layer_sizes"": [64, 32], ""learning_rate_init"": 0.01, ""max_iter"": 500, ""random_state"": 52}",0.7146529562982005,0.7072132639962276,0.7113164536317151,0.7086276303184835,0.713932691704809,0.7146529562982005,0.7138350432416347,,,,
faults,Steel Plates Faults,rbf_network,RBF Network,52,7,389,27,0.1703283609999744,0.6804123711340206,validation_accuracy,5,3,0,,"{""gamma"": null, ""n_centers"": 28, ""random_state"": 52}",0.6066838046272494,0.5963928480310826,0.49037110742292433,0.5117742076120164,0.6254511672057463,0.6066838046272494,0.5910834961799456,,,,
faults,Steel Plates Faults,fuzzy_cmeans,Fuzzy C-Means,52,7,389,27,0.4034349610000163,0.5,validation_accuracy,5,1,0,,"{""m"": 1.5, ""n_clusters"": 7, ""random_state"": 52}",0.5012853470437018,0.3337982982284838,0.25356194048177166,0.2075218115452346,0.5388650290579153,0.5012853470437018,0.3784817349714616,,,,
faults,Steel Plates Faults,sugeno_o0,Sugeno_O0,52,7,389,27,0.11554174100001546,0.5567010309278351,validation_accuracy,5,2,0,,"{""n_rules"": 14, ""random_state"": 52, ""sigma_scale"": 0.5}",0.5398457583547558,0.3634523809523809,0.3135429995523267,0.31069973434461645,0.525824764353042,0.5398457583547558,0.4840982811919136,,,,
faults,Steel Plates Faults,mlp_classifier,MLP,53,7,389,27,1.1887774850000596,0.7654639175257731,validation_accuracy,5,1,1,Stochastic Optimizer: Maximum iterations (500) reached and the optimization hasn't converged yet.,"{""activation"": ""relu"", ""alpha"": 0.0001, ""hidden_layer_sizes"": [32], ""learning_rate_init"": 0.001, ""max_iter"": 500, ""random_state"": 53}",0.7223650385604113,0.7442891047246764,0.728861413799361,0.735623639132535,0.7252557863944499,0.7223650385604113,0.7230127199537363,,,,
faults,Steel Plates Faults,rbf_network,RBF Network,53,7,389,27,0.18440723799994885,0.6984536082474226,validation_accuracy,5,3,0,,"{""gamma"": null, ""n_centers"": 28, ""random_state"": 53}",0.6503856041131105,0.6682052119121826,0.5379065925233303,0.5634747879529586,0.6607150754659814,0.6503856041131105,0.6360898366901966,,,,
faults,Steel Plates Faults,fuzzy_cmeans,Fuzzy C-Means,53,7,389,27,0.8139590089999729,0.5283505154639175,validation_accuracy,5,2,0,,"{""m"": 1.5, ""n_clusters"": 14, ""random_state"": 53}",0.5269922879177378,0.3176114208372273,0.27194874199093605,0.24168173076809843,0.5166990733787317,0.5269922879177378,0.4295343669357206,,,,
faults,Steel Plates Faults,sugeno_o0,Sugeno_O0,53,7,389,27,0.16253261199994995,0.6185567010309279,validation_accuracy,5,2,0,,"{""n_rules"": 14, ""random_state"": 53, ""sigma_scale"": 0.5}",0.5758354755784062,0.4761582297071608,0.4061647823933284,0.42348472645292373,0.5652982259604571,0.5758354755784062,0.5448948924500283,,,,
faults,Steel Plates Faults,mlp_classifier,MLP,54,7,389,27,1.554605080999977,0.7422680412371134,validation_accuracy,5,2,1,Stochastic Optimizer: Maximum iterations (500) reached and the optimization hasn't converged yet.,"{""activation"": ""relu"", ""alpha"": 0.0001, ""hidden_layer_sizes"": [64], ""learning_rate_init"": 0.001, ""max_iter"": 500, ""random_state"": 54}",0.7326478149100257,0.7551609901670444,0.7306632988269705,0.7416499058012176,0.7379087680740213,0.7326478149100257,0.7341412073121132,,,,
faults,Steel Plates Faults,rbf_network,RBF Network,54,7,389,27,0.2020247279999694,0.6752577319587629,validation_accuracy,5,3,0,,"{""gamma"": null, ""n_centers"": 28, ""random_state"": 54}",0.6529562982005142,0.768689405832263,0.5621743773258738,0.6040584885625478,0.6949290640807351,0.6529562982005142,0.6445650816720576,,,,
faults,Steel Plates Faults,fuzzy_cmeans,Fuzzy C-Means,54,7,389,27,0.6999679020000258,0.5103092783505154,validation_accuracy,5,2,0,,"{""m"": 1.5, ""n_clusters"": 14, ""random_state"": 54}",0.5038560411311054,0.2829228243021346,0.2551470095773893,0.22112832904652563,0.46485536152232365,0.5038560411311054,0.39874441871066146,,,,
faults,Steel Plates Faults,sugeno_o0,Sugeno_O0,54,7,389,27,0.15189760900000238,0.6082474226804123,validation_accuracy,5,2,0,,"{""n_rules"": 14, ""random_state"": 54, ""sigma_scale"": 0.5}",0.5989717223650386,0.5207522517555613,0.48294445174620293,0.4896538924361608,0.5745370110011964,0.5989717223650386,0.5639818230767061,,,,
faults,Steel Plates Faults,mlp_classifier,MLP,55,7,389,27,1.1956480829999236,0.75,validation_accuracy,5,1,1,Stochastic Optimizer: Maximum iterations (500) reached and the optimization hasn't converged yet.,"{""activation"": ""relu"", ""alpha"": 0.0001, ""hidden_layer_sizes"": [32], ""learning_rate_init"": 0.001, ""max_iter"": 500, ""random_state"": 55}",0.7249357326478149,0.7605133048358049,0.7658945949605223,0.7591282205547321,0.7319165040469542,0.7249357326478149,0.7260966322581246,,,,
faults,Steel Plates Faults,rbf_network,RBF Network,55,7,389,27,0.2103165699999181,0.6881443298969072,validation_accuracy,5,3,0,,"{""gamma"": null, ""n_centers"": 28, ""random_state"": 55}",0.6709511568123393,0.7765268828434995,0.5955313277758837,0.6396768749274493,0.7055634973162774,0.6709511568123393,0.6690184509847027,,,,
faults,Steel Plates Faults,fuzzy_cmeans,Fuzzy C-Means,55,7,389,27,0.8159142570000313,0.5231958762886598,validation_accuracy,5,2,0,,"{""m"": 1.5, ""n_clusters"": 14, ""random_state"": 55}",0.5167095115681234,0.296369272803699,0.2647154689348782,0.23654157435478168,0.48529570275903877,0.5167095115681234,0.4218107071590137,,,,
faults,Steel Plates Faults,sugeno_o0,Sugeno_O0,55,7,389,27,0.15328155600002447,0.6030927835051546,validation_accuracy,5,2,0,,"{""n_rules"": 14, ""random_state"": 55, ""sigma_scale"": 0.5}",0.5681233933161953,0.5171595601261598,0.40706383868720086,0.4345941147806584,0.5673870386933794,0.5681233933161953,0.5368994700612728,,,,
faults,Steel Plates Faults,mlp_classifier,MLP,56,7,389,27,2.182010951999928,0.7371134020618557,validation_accuracy,5,3,1,Stochastic Optimizer: Maximum iterations (500) reached and the optimization hasn't converged yet.,"{""activation"": ""relu"", ""alpha"": 0.001, ""hidden_layer_sizes"": [64, 32], ""learning_rate_init"": 0.001, ""max_iter"": 500, ""random_state"": 56}",0.7197943444730077,0.732541406648073,0.7215762235100086,0.7260921549719013,0.7157072204507507,0.7197943444730077,0.7165435449658708,,,,
faults,Steel Plates Faults,rbf_network,RBF Network,56,7,389,27,0.21119493300000158,0.6365979381443299,validation_accuracy,5,3,0,,"{""gamma"": null, ""n_centers"": 28, ""random_state"": 56}",0.6915167095115681,0.5961701913646994,0.5683865326679999,0.569302407424778,0.6624615570789825,0.6915167095115681,0.6649947790283632,,,,
faults,Steel Plates Faults,fuzzy_cmeans,Fuzzy C-Means,56,7,389,27,0.7204648310000721,0.5025773195876289,validation_accuracy,5,2,0,,"{""m"": 1.5, ""n_clusters"": 14, ""random_state"": 56}",0.519280205655527,0.3394364074743822,0.26622016832987294,0.2176661974755982,0.5478168082175436,0.519280205655527,0.3938269292974004,,,,
faults,Steel Plates Faults,sugeno_o0,Sugeno_O0,56,7,389,27,0.1577834869999606,0.5721649484536082,validation_accuracy,5,2,0,,"{""n_rules"": 14, ""random_state"": 56, ""sigma_scale"": 0.5}",0.6169665809768637,0.4969990646240094,0.47925582155777896,0.4815746707646507,0.5786154437061344,0.6169665809768637,0.5849574504809482,,,,
faults,Steel Plates Faults,mlp_classifier,MLP,57,7,389,27,1.5509833309999976,0.7860824742268041,validation_accuracy,5,2,1,Stochastic Optimizer: Maximum iterations (500) reached and the optimization hasn't converged yet.,"{""activation"": ""relu"", ""alpha"": 0.0001, ""hidden_layer_sizes"": [64], ""learning_rate_init"": 0.001, ""max_iter"": 500, ""random_state"": 57}",0.7017994858611826,0.7803028258411185,0.6960716199537016,0.7233207743464993,0.7095439936176121,0.7017994858611826,0.7025775012044813,,,,
faults,Steel Plates Faults,rbf_network,RBF Network,57,7,389,27,0.20481806499992672,0.7010309278350515,validation_accuracy,5,3,0,,"{""gamma"": null, ""n_centers"": 28, ""random_state"": 57}",0.6272493573264781,0.6130501502926753,0.5447038239160439,0.5540225728685477,0.6313135307330322,0.6272493573264781,0.61300022562091,,,,
faults,Steel Plates Faults,fuzzy_cmeans,Fuzzy C-Means,57,7,389,27,0.7913360619999139,0.5077319587628866,validation_accuracy,5,2,0,,"{""m"": 1.5, ""n_clusters"": 14, ""random_state"": 57}",0.5089974293059126,0.24138481683753316,0.2604871296854419,0.21356009070294782,0.4042765590975157,0.5089974293059126,0.38689435671440814,,,,
faults,Steel Plates Faults,sugeno_o0,Sugeno_O0,57,7,389,27,0.16507769600002575,0.6314432989690721,validation_accuracy,5,2,0,,"{""n_rules"": 14, ""random_state"": 57, ""sigma_scale"": 0.5}",0.5886889460154242,0.3683903683903684,0.37803850930655286,0.3648861564827951,0.5333272762578676,0.5886889460154242,0.5436801751938602,,,,
faults,Steel Plates Faults,mlp_classifier,MLP,58,7,389,27,1.6003365519999306,0.7603092783505154,validation_accuracy,5,2,1,Stochastic Optimizer: Maximum iterations (500) reached and the optimization hasn't converged yet.,"{""activation"": ""relu"", ""alpha"": 0.0001, ""hidden_layer_sizes"": [64], ""learning_rate_init"": 0.001, ""max_iter"": 500, ""random_state"": 58}",0.7429305912596401,0.7579144018390236,0.745054402344115,0.7503287948196323,0.7477795777318073,0.7429305912596401,0.7444836771812572,,,,
faults,Steel Plates Faults,rbf_network,RBF Network,58,7,389,27,0.2073330990000386,0.6520618556701031,validation_accuracy,5,3,0,,"{""gamma"": null, ""n_centers"": 28, ""random_state"": 58}",0.6580976863753213,0.7080054921604217,0.5660375444751657,0.5760498726546472,0.6658726813936996,0.6580976863753213,0.6453368837973312,,,,
faults,Steel Plates Faults,fuzzy_cmeans,Fuzzy C-Means,58,7,389,27,0.797427923999976,0.5103092783505154,validation_accuracy,5,2,0,,"{""m"": 1.5, ""n_clusters"": 14, ""random_state"": 58}",0.5295629820051414,0.3032967032967033,0.2731855423838546,0.23746548569569623,0.49566936919122007,0.5295629820051414,0.42339313984773275,,,,
faults,Steel Plates Faults,sugeno_o0,Sugeno_O0,58,7,389,27,0.1547224369999185,0.5798969072164949,validation_accuracy,5,2,0,,"{""n_rules"": 14, ""random_state"": 58, ""sigma_scale"": 0.5}",0.6272493573264781,0.5112736970801021,0.48377461972525576,0.4906076074284985,0.5892804106491143,0.6272493573264781,0.5965402645968482,,,,
faults,Steel Plates Faults,mlp_classifier,MLP,59,7,389,27,1.151338786999986,0.729381443298969,validation_accuracy,5,1,1,Stochastic Optimizer: Maximum iterations (500) reached and the optimization hasn't converged yet.,"{""activation"": ""relu"", ""alpha"": 0.0001, ""hidden_layer_sizes"": [32], ""learning_rate_init"": 0.001, ""max_iter"": 500, ""random_state"": 59}",0.7609254498714653,0.7922153373133763,0.7670678016072945,0.7781780047999419,0.7625795566770415,0.7609254498714653,0.7612558284017894,,,,
faults,Steel Plates Faults,rbf_network,RBF Network,59,7,389,27,0.17265294099991024,0.6597938144329897,validation_accuracy,5,3,0,,"{""gamma"": null, ""n_centers"": 28, ""random_state"": 59}",0.7197943444730077,0.6974057762644377,0.5762080751341366,0.6011385801841709,0.7268672707413188,0.7197943444730077,0.7004621782203296,,,,
faults,Steel Plates Faults,fuzzy_cmeans,Fuzzy C-Means,59,7,389,27,0.800147399000025,0.5231958762886598,validation_accuracy,5,2,0,,"{""m"": 1.5, ""n_clusters"": 14, ""random_state"": 59}",0.5115681233933161,0.23344671201814057,0.2622954479494564,0.21629412391354755,0.39256334924715386,0.5115681233933161,0.39077960129377054,,,,
faults,Steel Plates Faults,sugeno_o0,Sugeno_O0,59,7,389,27,0.15653798300002109,0.5824742268041238,validation_accuracy,5,2,0,,"{""n_rules"": 14, ""random_state"": 59, ""sigma_scale"": 0.5}",0.5758354755784062,0.3888184987233814,0.35620967561895833,0.35246781404869637,0.5474212175148677,0.5758354755784062,0.5264209596731712,,,,
faults,Steel Plates Faults,mlp_classifier,MLP,60,7,389,27,0.7606855059999589,0.7731958762886598,validation_accuracy,5,5,0,,"{""activation"": ""tanh"", ""alpha"": 0.001, ""hidden_layer_sizes"": [64, 32], ""learning_rate_init"": 0.01, ""max_iter"": 500, ""random_state"": 60}",0.7532133676092545,0.7692976290147584,0.750158914466171,0.7565305451493555,0.75157581776237,0.7532133676092545,0.7506129606011274,,,,
faults,Steel Plates Faults,rbf_network,RBF Network,60,7,389,27,0.17923331600002257,0.6829896907216495,validation_accuracy,5,3,0,,"{""gamma"": null, ""n_centers"": 28, ""random_state"": 60}",0.6632390745501285,0.6682879749649936,0.5669834205296994,0.5882644421957653,0.6696601943192979,0.6632390745501285,0.6505289043534337,,,,
faults,Steel Plates Faults,fuzzy_cmeans,Fuzzy C-Means,60,7,389,27,0.8113879579999548,0.5180412371134021,validation_accuracy,5,2,0,,"{""m"": 1.5, ""n_clusters"": 14, ""random_state"": 60}",0.532133676092545,0.2966853408029878,0.2763601455584578,0.24420958859734368,0.48635263874187207,0.532133676092545,0.4331116765472255,,,,
faults,Steel Plates Faults,sugeno_o0,Sugeno_O0,60,7,389,27,0.1593205560000115,0.5850515463917526,validation_accuracy,5,2,0,,"{""n_rules"": 14, ""random_state"": 60, ""sigma_scale"": 0.5}",0.5912596401028277,0.5170515681088368,0.41680517347215734,0.42672645498849127,0.5713912966075407,0.5912596401028277,0.5512504793626242,,,,
faults,Steel Plates Faults,mlp_classifier,MLP,61,7,389,27,0.694082326000057,0.770618556701031,validation_accuracy,5,5,0,,"{""activation"": ""tanh"", ""alpha"": 0.001, ""hidden_layer_sizes"": [64, 32], ""learning_rate_init"": 0.01, ""max_iter"": 500, ""random_state"": 61}",0.7455012853470437,0.7551130727643898,0.7640644291124105,0.7587096767204562,0.743541772470931,0.7455012853470437,0.743898709872849,,,,
faults,Steel Plates Faults,rbf_network,RBF Network,61,7,389,27,0.18755125199993472,0.6855670103092784,validation_accuracy,5,3,0,,"{""gamma"": null, ""n_centers"": 28, ""random_state"": 61}",0.6709511568123393,0.6675922362565441,0.5440082776516961,0.5665177387755799,0.6718201969003819,0.6709511568123393,0.6518099360192281,,,,
faults,Steel Plates Faults,fuzzy_cmeans,Fuzzy C-Means,61,7,389,27,1.1944194290000496,0.5257731958762887,validation_accuracy,5,2,0,,"{""m"": 1.5, ""n_clusters"": 14, ""random_state"": 61}",0.5038560411311054,0.22076063878888583,0.2583707275690398,0.2140785447367123,0.3733727302346894,0.5038560411311054,0.3865299299823794,,,,
faults,Steel Plates Faults,sugeno_o0,Sugeno_O0,61,7,389,27,0.17540534199997637,0.6314432989690721,validation_accuracy,5,2,0,,"{""n_rules"": 14, ""random_state"": 61, ""sigma_scale"": 0.5}",0.622107969151671,0.5058757570791732,0.46749804321264615,0.47242427537967846,0.5901220064969086,0.622107969151671,0.582907006013413,,,,
faults,Steel Plates Faults,mlp_classifier,MLP,62,7,389,27,1.4487890689999858,0.7396907216494846,validation_accuracy,5,1,1,Stochastic Optimizer: Maximum iterations (500) reached and the optimization hasn't converged yet.,"{""activation"": ""relu"", ""alpha"": 0.0001, ""hidden_layer_sizes"": [32], ""learning_rate_init"": 0.001, ""max_iter"": 500, ""random_state"": 62}",0.7197943444730077,0.7601095753588921,0.7206212366368779,0.7335681039115644,0.7324839198079528,0.7197943444730077,0.7230873877031224,,,,
faults,Steel Plates Faults,rbf_network,RBF Network,62,7,389,27,0.212403514000016,0.6726804123711341,validation_accuracy,5,3,0,,"{""gamma"": null, ""n_centers"": 28, ""random_state"": 62}",0.6735218508997429,0.7538748416096954,0.5764599448725034,0.6025083363679854,0.6924652590047514,0.6735218508997429,0.6591315802965106,,,,
faults,Steel Plates Faults,fuzzy_cmeans,Fuzzy C-Means,62,7,389,27,3.2798263450000604,0.5,validation_accuracy,5,2,0,,"{""m"": 1.5, ""n_clusters"": 14, ""random_state"": 62}",0.5012853470437018,0.2906081835719362,0.2556336927644945,0.21751230504655164,0.47575380533980843,0.5012853470437018,0.39233481769841244,,,,
faults,Steel Plates Faults,sugeno_o0,Sugeno_O0,62,7,389,27,0.1588273139999501,0.5721649484536082,validation_accuracy,5,1,0,,"{""n_rules"": 7, ""random_state"": 62, ""sigma_scale"": 0.5}",0.5347043701799485,0.3567320008700486,0.3192446658136198,0.3171720077529528,0.5016098549506918,0.5347043701799485,0.48415348512157547,,,,
robot_navigation,Wall-Following Robot Navigation,mlp_classifier,MLP,42,4,1092,24,4.1679760049999,0.9349220898258478,validation_accuracy,5,2,1,Stochastic Optimizer: Maximum iterations (500) reached and the optimization hasn't converged yet.,"{""activation"": ""relu"", ""alpha"": 0.0001, ""hidden_layer_sizes"": [64], ""learning_rate_init"": 0.001, ""max_iter"": 500, ""random_state"": 42}",0.9166666666666666,0.9042282741254021,0.914346738077375,0.9091605483643139,0.9168870860865173,0.9166666666666666,0.916738170381018,,,,
robot_navigation,Wall-Following Robot Navigation,rbf_network,RBF Network,42,4,1092,24,0.41001369400009935,0.6810265811182401,validation_accuracy,5,3,0,,"{""gamma"": null, ""n_centers"": 16, ""random_state"": 42}",0.663003663003663,0.6683193219811434,0.6241256233726113,0.6297305565668434,0.6592844069748718,0.663003663003663,0.6503089163486997,,,,
robot_navigation,Wall-Following Robot Navigation,fuzzy_cmeans,Fuzzy C-Means,42,4,1092,24,1.154112992000023,0.5261228230980751,validation_accuracy,5,2,0,,"{""m"": 1.5, ""n_clusters"": 8, ""random_state"": 42}",0.4935897435897436,0.2547080073532555,0.3140873015873016,0.27624868181382417,0.4029138426021842,0.4935897435897436,0.43570422483278387,,,,
robot_navigation,Wall-Following Robot Navigation,sugeno_o0,Sugeno_O0,42,4,1092,24,0.2932880330000671,0.5875343721356554,validation_accuracy,5,4,0,,"{""n_rules"": 16, ""random_state"": 42, ""sigma_scale"": 1.0}",0.543040293040293,0.27191761262226033,0.3437074829931973,0.3030011074197121,0.4286606696651674,0.543040293040293,0.47813357185450206,,,,
robot_navigation,Wall-Following Robot Navigation,mlp_classifier,MLP,43,4,1092,24,3.229447692000008,0.9303391384051329,validation_accuracy,5,1,1,Stochastic Optimizer: Maximum iterations (500) reached and the optimization hasn't converged yet.,"{""activation"": ""relu"", ""alpha"": 0.0001, ""hidden_layer_sizes"": [32], ""learning_rate_init"": 0.001, ""max_iter"": 500, ""random_state"": 43}",0.9029304029304029,0.9075328477837035,0.9018600566578192,0.9046527641919672,0.9030229422630234,0.9029304029304029,0.902943780376123,,,,
robot_navigation,Wall-Following Robot Navigation,rbf_network,RBF Network,43,4,1092,24,0.3293154790000017,0.6461961503208066,validation_accuracy,5,3,0,,"{""gamma"": null, ""n_centers"": 16, ""random_state"": 43}",0.6776556776556777,0.7147922809882674,0.6516867312263181,0.6710220378483185,0.6834077354960935,0.6776556776556777,0.6723837862130527,,,,
robot_navigation,Wall-Following Robot Navigation,fuzzy_cmeans,Fuzzy C-Means,43,4,1092,24,1.373747729999991,0.5169569202566453,validation_accuracy,5,2,0,,"{""m"": 1.5, ""n_clusters"": 8, ""random_state"": 43}",0.5210622710622711,0.26882668547732036,0.33157596371882087,0.2915923689003931,0.4252387506042758,0.5210622710622711,0.4598946925952966,,,,
robot_navigation,Wall-Following Robot Navigation,sugeno_o0,Sugeno_O0,43,4,1092,24,0.3056519379999827,0.5307057745187901,validation_accuracy,5,4,0,,"{""n_rules"": 16, ""random_state"": 43, ""sigma_scale"": 1.0}",0.5631868131868132,0.2832822169145587,0.35779478458049885,0.3148730784109257,0.44732573094043077,0.5631868131868132,0.49650921560611083,,,,
robot_navigation,Wall-Following Robot Navigation,mlp_classifier,MLP,44,4,1092,24,4.184574803000032,0.9294225481209899,validation_accuracy,5,2,1,Stochastic Optimizer: Maximum iterations (500) reached and the optimization hasn't converged yet.,"{""activation"": ""relu"", ""alpha"": 0.0001, ""hidden_layer_sizes"": [64], ""learning_rate_init"": 0.001, ""max_iter"": 500, ""random_state"": 44}",0.9203296703296703,0.9241279434949694,0.9073801222682463,0.9154127711315728,0.9203724851214287,0.9203296703296703,0.9201540837309159,,,,
robot_navigation,Wall-Following Robot Navigation,rbf_network,RBF Network,44,4,1092,24,0.4197291729999506,0.6727772685609532,validation_accuracy,5,3,0,,"{""gamma"": null, ""n_centers"": 16, ""random_state"": 44}",0.6657509157509157,0.6673400020934657,0.6109160346251568,0.6235537634038797,0.659469656215805,0.6657509157509157,0.6523318765715641,,,,
robot_navigation,Wall-Following Robot Navigation,fuzzy_cmeans,Fuzzy C-Means,44,4,1092,24,1.3263689379999732,0.4912923923006416,validation_accuracy,5,2,0,,"{""m"": 1.5, ""n_clusters"": 8, ""random_state"": 44}",0.5210622710622711,0.26083176691729326,0.3304705215419501,0.2913705770077816,0.4117625795257374,0.5210622710622711,0.45972578295291555,,,,
robot_navigation,Wall-Following Robot Navigation,sugeno_o0,Sugeno_O0,44,4,1092,24,0.2455388829999947,0.5316223648029331,validation_accuracy,5,4,0,,"{""n_rules"": 16, ""random_state"": 44, ""sigma_scale"": 1.0}",0.532967032967033,0.27877869054754434,0.33591269841269844,0.29435881648029344,0.4383652139795707,0.532967032967033,0.4648104972007091,,,,
robot_navigation,Wall-Following Robot Navigation,mlp_classifier,MLP,45,4,1092,24,4.503856221999968,0.919340054995417,validation_accuracy,5,2,1,Stochastic Optimizer: Maximum iterations (500) reached and the optimization hasn't converged yet.,"{""activation"": ""relu"", ""alpha"": 0.0001, ""hidden_layer_sizes"": [64], ""learning_rate_init"": 0.001, ""max_iter"": 500, ""random_state"": 45}",0.9212454212454212,0.9115257820189648,0.9140153234602459,0.912674789165482,0.9212234096886847,0.9212454212454212,0.9211848350555704,,,,
robot_navigation,Wall-Following Robot Navigation,rbf_network,RBF Network,45,4,1092,24,0.3240075830000251,0.6709440879926672,validation_accuracy,5,3,0,,"{""gamma"": null, ""n_centers"": 16, ""random_state"": 45}",0.6492673992673993,0.6787736047757487,0.6335024031237456,0.64412174465198,0.6527203852457374,0.6492673992673993,0.6431635922354809,,,,
robot_navigation,Wall-Following Robot Navigation,fuzzy_cmeans,Fuzzy C-Means,45,4,1092,24,1.499476882999943,0.5197066911090742,validation_accuracy,5,2,0,,"{""m"": 1.5, ""n_clusters"": 8, ""random_state"": 45}",0.49542124542124544,0.25010256725847974,0.3148809523809524,0.276966732392942,0.3950622543810026,0.49542124542124544,0.43673019558428333,,,,
robot_navigation,Wall-Following Robot Navigation,sugeno_o0,Sugeno_O0,45,4,1092,24,0.271038669999939,0.5527039413382218,validation_accuracy,5,4,0,,"{""n_rules"": 16, ""random_state"": 45, ""sigma_scale"": 1.0}",0.5256410256410257,0.2633472284471284,0.333843537414966,0.29381749488376974,0.4155772684890081,0.5256410256410257,0.46320100427462546,,,,
robot_navigation,Wall-Following Robot Navigation,mlp_classifier,MLP,46,4,1092,24,4.274674574999949,0.922089825847846,validation_accuracy,5,2,1,Stochastic Optimizer: Maximum iterations (500) reached and the optimization hasn't converged yet.,"{""activation"": ""relu"", ""alpha"": 0.0001, ""hidden_layer_sizes"": [64], ""learning_rate_init"": 0.001, ""max_iter"": 500, ""random_state"": 46}",0.9294871794871795,0.9259973287481826,0.9149427117155172,0.9202407614964808,0.9294205864683674,0.9294871794871795,0.9293946384693715,,,,
robot_navigation,Wall-Following Robot Navigation,rbf_network,RBF Network,46,4,1092,24,0.3711849420000135,0.6672777268560953,validation_accuracy,5,3,0,,"{""gamma"": null, ""n_centers"": 16, ""random_state"": 46}",0.673992673992674,0.694378132638518,0.6563437160468142,0.6606664594737618,0.6736246896230932,0.673992673992674,0.6634997207378198,,,,
robot_navigation,Wall-Following Robot Navigation,fuzzy_cmeans,Fuzzy C-Means,46,4,1092,24,1.3954306819999829,0.5013748854262144,validation_accuracy,5,2,0,,"{""m"": 1.5, ""n_clusters"": 8, ""random_state"": 46}",0.5155677655677655,0.25720136553242634,0.32636054421768707,0.2875906311077485,0.40595746152059214,0.5155677655677655,0.45409870849155887,,,,
robot_navigation,Wall-Following Robot Navigation,sugeno_o0,Sugeno_O0,46,4,1092,24,0.2741624289999436,0.5270394133822182,validation_accuracy,5,4,0,,"{""n_rules"": 16, ""random_state"": 46, ""sigma_scale"": 1.0}",0.5439560439560439,0.2719792016101979,0.3450963718820862,0.30418412280168083,0.4288840863933115,0.5439560439560439,0.4795800135006841,,,,
robot_navigation,Wall-Following Robot Navigation,mlp_classifier,MLP,47,4,1092,24,2.6706721279999783,0.923006416131989,validation_accuracy,5,3,0,,"{""activation"": ""relu"", ""alpha"": 0.001, ""hidden_layer_sizes"": [64, 32], ""learning_rate_init"": 0.001, ""max_iter"": 500, ""random_state"": 47}",0.9120879120879121,0.9199146789109448,0.8899584470797895,0.9038739683055562,0.9123614990867612,0.9120879120879121,0.9119025458133612,,,,
robot_navigation,Wall-Following Robot Navigation,rbf_network,RBF Network,47,4,1092,24,0.33075579699993796,0.6654445462878094,validation_accuracy,5,3,0,,"{""gamma"": null, ""n_centers"": 16, ""random_state"": 47}",0.652014652014652,0.6614827348950333,0.6149177295261632,0.6250981481143131,0.6478963825846027,0.652014652014652,0.6408440434470514,,,,
robot_navigation,Wall-Following Robot Navigation,fuzzy_cmeans,Fuzzy C-Means,47,4,1092,24,1.0386614050000844,0.4848762603116407,validation_accuracy,5,2,0,,"{""m"": 1.5, ""n_clusters"": 8, ""random_state"": 47}",0.47527472527472525,0.23919526143790848,0.3020691609977324,0.26558436229578564,0.3776882227249874,0.47527472527472525,0.4186973986042238,,,,
robot_navigation,Wall-Following Robot Navigation,sugeno_o0,Sugeno_O0,47,4,1092,24,0.2824449340000683,0.5233730522456462,validation_accuracy,5,4,0,,"{""n_rules"": 16, ""random_state"": 47, ""sigma_scale"": 1.0}",0.5119047619047619,0.2597073699421965,0.326530612244898,0.2830798381508824,0.41007864606491773,0.5119047619047619,0.4455229925636003,,,,
robot_navigation,Wall-Following Robot Navigation,mlp_classifier,MLP,48,4,1092,24,4.158711476000008,0.9349220898258478,validation_accuracy,5,2,1,Stochastic Optimizer: Maximum iterations (500) reached and the optimization hasn't converged yet.,"{""activation"": ""relu"", ""alpha"": 0.0001, ""hidden_layer_sizes"": [64], ""learning_rate_init"": 0.001, ""max_iter"": 500, ""random_state"": 48}",0.9313186813186813,0.9256895462768909,0.9313919466458193,0.9284707787682611,0.9314920910193206,0.9313186813186813,0.9313663735383696,,,,
robot_navigation,Wall-Following Robot Navigation,rbf_network,RBF Network,48,4,1092,24,0.27893014200003563,0.6856095325389551,validation_accuracy,5,3,0,,"{""gamma"": null, ""n_centers"": 16, ""random_state"": 48}",0.6895604395604396,0.6962686163249687,0.6604335972881584,0.672578489756725,0.6838885616549552,0.6895604395604396,0.6825152123722188,,,,
robot_navigation,Wall-Following Robot Navigation,fuzzy_cmeans,Fuzzy C-Means,48,4,1092,24,0.7251495610000802,0.5692025664527957,validation_accuracy,5,2,0,,"{""m"": 1.5, ""n_clusters"": 8, ""random_state"": 48}",0.5540293040293041,0.2790350329751885,0.3513605442176871,0.3102904404895121,0.4410516120410364,0.5540293040293041,0.4899329268223751,,,,
robot_navigation,Wall-Following Robot Navigation,sugeno_o0,Sugeno_O0,48,4,1092,24,0.22553706999997303,0.5692025664527957,validation_accuracy,5,4,0,,"{""n_rules"": 16, ""random_state"": 48, ""sigma_scale"": 1.0}",0.5659340659340659,0.2832090647962817,0.35850340136054426,0.3162071758407052,0.44648070828003117,0.5659340659340659,0.4987952070439527,,,,
robot_navigation,Wall-Following Robot Navigation,mlp_classifier,MLP,49,4,1092,24,4.1945055650000995,0.9175068744271311,validation_accuracy,5,2,1,Stochastic Optimizer: Maximum iterations (500) reached and the optimization hasn't converged yet.,"{""activation"": ""relu"", ""alpha"": 0.0001, ""hidden_layer_sizes"": [64], ""learning_rate_init"": 0.001, ""max_iter"": 500, ""random_state"": 49}",0.9230769230769231,0.9224190723682746,0.9104405061375802,0.9161710257231648,0.9234191912989871,0.9230769230769231,0.9230760767835471,,,,
robot_navigation,Wall-Following Robot Navigation,rbf_network,RBF Network,49,4,1092,24,0.2674190620000445,0.6333638863428047,validation_accuracy,5,3,0,,"{""gamma"": null, ""n_centers"": 16, ""random_state"": 49}",0.6868131868131868,0.6841182193891706,0.6571618499114197,0.6602640067028892,0.6860013353872118,0.6868131868131868,0.679680378184644,,,,
robot_navigation,Wall-Following Robot Navigation,fuzzy_cmeans,Fuzzy C-Means,49,4,1092,24,0.8188690909998968,0.5279560036663611,validation_accuracy,5,2,0,,"{""m"": 1.5, ""n_clusters"": 8, ""random_state"": 49}",0.5164835164835165,0.26206260251503555,0.32794784580498865,0.2894778414356728,0.41433685914959834,0.5164835164835165,0.45689319947892704,,,,
robot_navigation,Wall-Following Robot Navigation,sugeno_o0,Sugeno_O0,49,4,1092,24,0.22735915800012663,0.5637030247479377,validation_accuracy,5,4,0,,"{""n_rules"": 16, ""random_state"": 49, ""sigma_scale"": 1.0}",0.5741758241758241,0.2873150137699362,0.36403061224489797,0.3211051666446112,0.4528970409187097,0.5741758241758241,0.5062974343462839,,,,
robot_navigation,Wall-Following Robot Navigation,mlp_classifier,MLP,50,4,1092,24,3.0478742830000556,0.925756186984418,validation_accuracy,5,3,0,,"{""activation"": ""relu"", ""alpha"": 0.001, ""hidden_layer_sizes"": [64, 32], ""learning_rate_init"": 0.001, ""max_iter"": 500, ""random_state"": 50}",0.9111721611721612,0.9007115210197951,0.9077228064534433,0.9040699007350743,0.9111513427362995,0.9111721611721612,0.9110885752651869,,,,
robot_navigation,Wall-Following Robot Navigation,rbf_network,RBF Network,50,4,1092,24,0.3657726100000218,0.6856095325389551,validation_accuracy,5,3,0,,"{""gamma"": null, ""n_centers"": 16, ""random_state"": 50}",0.6602564102564102,0.6502848212173127,0.6206387559657783,0.624054325527636,0.6558597048880928,0.6602564102564102,0.6499745324849227,,,,
robot_navigation,Wall-Following Robot Navigation,fuzzy_cmeans,Fuzzy C-Means,50,4,1092,24,0.9119349289999263,0.5151237396883593,validation_accuracy,5,2,0,,"{""m"": 1.5, ""n_clusters"": 8, ""random_state"": 50}",0.5274725274725275,0.2633516505663115,0.3340702947845805,0.2945145083779296,0.41568913895224874,0.5274725274725275,0.4649394392125507,,,,
robot_navigation,Wall-Following Robot Navigation,sugeno_o0,Sugeno_O0,50,4,1092,24,0.24320110300004671,0.5096241979835013,validation_accuracy,5,4,0,,"{""n_rules"": 16, ""random_state"": 50, ""sigma_scale"": 1.0}",0.5192307692307693,0.2688010032192858,0.3312641723356009,0.28756146332930954,0.42497451638725886,0.5192307692307693,0.4528357142370674,,,,
robot_navigation,Wall-Following Robot Navigation,mlp_classifier,MLP,51,4,1092,24,4.310085832999903,0.925756186984418,validation_accuracy,5,2,1,Stochastic Optimizer: Maximum iterations (500) reached and the optimization hasn't converged yet.,"{""activation"": ""relu"", ""alpha"": 0.0001, ""hidden_layer_sizes"": [64], ""learning_rate_init"": 0.001, ""max_iter"": 500, ""random_state"": 51}",0.9212454212454212,0.9164963111552823,0.9153879778664632,0.9158713235106154,0.9211439757554841,0.9212454212454212,0.9211516697653666,,,,
robot_navigation,Wall-Following Robot Navigation,rbf_network,RBF Network,51,4,1092,24,0.2782523130001664,0.7039413382218148,validation_accuracy,5,3,0,,"{""gamma"": null, ""n_centers"": 16, ""random_state"": 51}",0.6666666666666666,0.6645633488864675,0.6345948682222348,0.6392856493548839,0.6598041441094309,0.6666666666666666,0.6562155255686113,,,,
robot_navigation,Wall-Following Robot Navigation,fuzzy_cmeans,Fuzzy C-Means,51,4,1092,24,0.7718054579997897,0.5261228230980751,validation_accuracy,5,2,0,,"{""m"": 1.5, ""n_clusters"": 8, ""random_state"": 51}",0.5402930402930403,0.2793614737525274,0.3437641723356009,0.30262235415206074,0.4419865474382336,0.5402930402930403,0.4773725282757339,,,,
robot_navigation,Wall-Following Robot Navigation,sugeno_o0,Sugeno_O0,51,4,1092,24,0.2575567039998532,0.5692025664527957,validation_accuracy,5,4,0,,"{""n_rules"": 16, ""random_state"": 51, ""sigma_scale"": 1.0}",0.5915750915750916,0.2992419522326064,0.37434807256235825,0.3306858343681345,0.47112588864925314,0.5915750915750916,0.5214969225380918,,,,
robot_navigation,Wall-Following Robot Navigation,mlp_classifier,MLP,52,4,1092,24,4.287433010000086,0.9303391384051329,validation_accuracy,5,2,1,Stochastic Optimizer: Maximum iterations (500) reached and the optimization hasn't converged yet.,"{""activation"": ""relu"", ""alpha"": 0.0001, ""hidden_layer_sizes"": [64], ""learning_rate_init"": 0.001, ""max_iter"": 500, ""random_state"": 52}",0.9157509157509157,0.9131849533905241,0.8899838758487639,0.9009180274057916,0.9160786423169937,0.9157509157509157,0.9155092689972716,,,,
robot_navigation,Wall-Following Robot Navigation,rbf_network,RBF Network,52,4,1092,24,0.28711277000002156,0.6819431714023831,validation_accuracy,5,3,0,,"{""gamma"": null, ""n_centers"": 16, ""random_state"": 52}",0.6611721611721612,0.6627090558453638,0.6243277925937134,0.6255522852195283,0.6588142863995564,0.6611721611721612,0.6482117757047144,,,,
robot_navigation,Wall-Following Robot Navigation,fuzzy_cmeans,Fuzzy C-Means,52,4,1092,24,0.6724273410000023,0.5004582951420715,validation_accuracy,5,2,0,,"{""m"": 1.5, ""n_clusters"": 8, ""random_state"": 52}",0.5054945054945055,0.25234517793785616,0.320124716553288,0.28220485965295394,0.3983127331221622,0.5054945054945055,0.44552062726207287,,,,
robot_navigation,Wall-Following Robot Navigation,sugeno_o0,Sugeno_O0,52,4,1092,24,0.2470186069999727,0.538955087076077,validation_accuracy,5,4,0,,"{""n_rules"": 16, ""random_state"": 52, ""sigma_scale"": 1.0}",0.5357142857142857,0.2680144641683103,0.3393990929705215,0.2993480194553266,0.4225534820209376,0.5357142857142857,0.47219383409981264,,,,
robot_navigation,Wall-Following Robot Navigation,mlp_classifier,MLP,53,4,1092,24,4.182816704999823,0.9275893675527039,validation_accuracy,5,2,1,Stochastic Optimizer: Maximum iterations (500) reached and the optimization hasn't converged yet.,"{""activation"": ""relu"", ""alpha"": 0.0001, ""hidden_layer_sizes"": [64], ""learning_rate_init"": 0.001, ""max_iter"": 500, ""random_state"": 53}",0.9285714285714286,0.9275874125874126,0.8987094374357714,0.9120879811678481,0.9289299162376086,0.9285714285714286,0.9281141996266759,,,,
robot_navigation,Wall-Following Robot Navigation,rbf_network,RBF Network,53,4,1092,24,0.3540352800000619,0.6507791017415215,validation_accuracy,5,3,0,,"{""gamma"": null, ""n_centers"": 16, ""random_state"": 53}",0.6391941391941391,0.6241573035168491,0.5889263753076145,0.5924254208656861,0.6282043358509891,0.6391941391941391,0.6240107029925216,,,,
robot_navigation,Wall-Following Robot Navigation,fuzzy_cmeans,Fuzzy C-Means,53,4,1092,24,0.8092483719999564,0.5096241979835013,validation_accuracy,5,2,0,,"{""m"": 1.5, ""n_clusters"": 8, ""random_state"": 53}",0.5283882783882784,0.26443256413354277,0.33511904761904765,0.29545225735409786,0.4174070563160813,0.5283882783882784,0.46613956752701446,,,,
robot_navigation,Wall-Following Robot Navigation,sugeno_o0,Sugeno_O0,53,4,1092,24,0.2443794319999597,0.5252062328139322,validation_accuracy,5,4,0,,"{""n_rules"": 16, ""random_state"": 53, ""sigma_scale"": 1.0}",0.5494505494505495,0.2763347763347763,0.3496315192743764,0.30625692137320043,0.4361610611610611,0.5494505494505495,0.48245165687026154,,,,
robot_navigation,Wall-Following Robot Navigation,mlp_classifier,MLP,54,4,1092,24,4.197005481999895,0.9138405132905592,validation_accuracy,5,2,1,Stochastic Optimizer: Maximum iterations (500) reached and the optimization hasn't converged yet.,"{""activation"": ""relu"", ""alpha"": 0.0001, ""hidden_layer_sizes"": [64], ""learning_rate_init"": 0.001, ""max_iter"": 500, ""random_state"": 54}",0.9304029304029304,0.9307253388641845,0.9421359167701681,0.936230457474056,0.9305486711490554,0.9304029304029304,0.9303030359717521,,,,
robot_navigation,Wall-Following Robot Navigation,rbf_network,RBF Network,54,4,1092,24,0.27157951300000605,0.6370302474793768,validation_accuracy,5,3,0,,"{""gamma"": null, ""n_centers"": 16, ""random_state"": 54}",0.6437728937728938,0.6635208791096378,0.6403898955318921,0.6431002723630347,0.6352232985676152,0.6437728937728938,0.6332209496206745,,,,
robot_navigation,Wall-Following Robot Navigation,fuzzy_cmeans,Fuzzy C-Means,54,4,1092,24,1.2190308809999806,0.5297891842346472,validation_accuracy,5,2,0,,"{""m"": 1.5, ""n_clusters"": 8, ""random_state"": 54}",0.4835164835164835,0.2410566646501311,0.3059807256235828,0.2696406408487529,0.38074169730249585,0.4835164835164835,0.4259783731234713,,,,
robot_navigation,Wall-Following Robot Navigation,sugeno_o0,Sugeno_O0,54,4,1092,24,0.25222781499996927,0.5462878093492209,validation_accuracy,5,4,0,,"{""n_rules"": 16, ""random_state"": 54, ""sigma_scale"": 1.0}",0.5338827838827839,0.26684299049701454,0.338265306122449,0.298278241833965,0.42086212584824984,0.5338827838827839,0.4705870589087045,,,,
robot_navigation,Wall-Following Robot Navigation,mlp_classifier,MLP,55,4,1092,24,3.158883808000155,0.9340054995417049,validation_accuracy,5,3,0,,"{""activation"": ""relu"", ""alpha"": 0.001, ""hidden_layer_sizes"": [64, 32], ""learning_rate_init"": 0.001, ""max_iter"": 500, ""random_state"": 55}",0.9175824175824175,0.9092037657421249,0.9051041949062603,0.9069810010203398,0.9177485875751284,0.9175824175824175,0.9175454762683332,,,,
robot_navigation,Wall-Following Robot Navigation,rbf_network,RBF Network,55,4,1092,24,0.3571331040000132,0.6791934005499541,validation_accuracy,5,3,0,,"{""gamma"": null, ""n_centers"": 16, ""random_state"": 55}",0.6675824175824175,0.67084938535661,0.6338587473914497,0.6361873973094139,0.6625787220560464,0.6675824175824175,0.6543627654566879,,,,
robot_navigation,Wall-Following Robot Navigation,fuzzy_cmeans,Fuzzy C-Means,55,4,1092,24,0.7947284740000669,0.4977085242896425,validation_accuracy,5,2,0,,"{""m"": 1.5, ""n_clusters"": 8, ""random_state"": 55}",0.5018315018315018,0.251582491129986,0.3182256235827664,0.28071731241215836,0.397362669853531,0.5018315018315018,0.4430724694742652,,,,
robot_navigation,Wall-Following Robot Navigation,sugeno_o0,Sugeno_O0,55,4,1092,24,0.2496292609998818,0.5435380384967919,validation_accuracy,5,4,0,,"{""n_rules"": 16, ""random_state"": 55, ""sigma_scale"": 1.0}",0.5402930402930403,0.2742192830525376,0.3439342403628118,0.3011790742931278,0.4331932382947971,0.5402930402930403,0.47459232364028797,,,,
robot_navigation,Wall-Following Robot Navigation,mlp_classifier,MLP,56,4,1092,24,3.965854062000062,0.925756186984418,validation_accuracy,5,3,0,,"{""activation"": ""relu"", ""alpha"": 0.001, ""hidden_layer_sizes"": [64, 32], ""learning_rate_init"": 0.001, ""max_iter"": 500, ""random_state"": 56}",0.9175824175824175,0.9008115286248278,0.907387635313625,0.9038537093124877,0.9178448799981359,0.9175824175824175,0.9176352559448508,,,,
robot_navigation,Wall-Following Robot Navigation,rbf_network,RBF Network,56,4,1092,24,0.35897093400012636,0.6553620531622365,validation_accuracy,5,3,0,,"{""gamma"": null, ""n_centers"": 16, ""random_state"": 56}",0.6346153846153846,0.6238860078983163,0.6023772746664313,0.604076824351633,0.6283655767755184,0.6346153846153846,0.6254120030810021,,,,
robot_navigation,Wall-Following Robot Navigation,fuzzy_cmeans,Fuzzy C-Means,56,4,1092,24,0.9312317579999672,0.5178735105407882,validation_accuracy,5,2,0,,"{""m"": 1.5, ""n_clusters"": 8, ""random_state"": 56}",0.510989010989011,0.26328689370485037,0.3253401360544218,0.2853644953141804,0.4163689767404938,0.510989010989011,0.4498948201897964,,,,
robot_navigation,Wall-Following Robot Navigation,sugeno_o0,Sugeno_O0,56,4,1092,24,0.24984138100012387,0.5453712190650779,validation_accuracy,5,4,0,,"{""n_rules"": 16, ""random_state"": 56, ""sigma_scale"": 1.0}",0.5293040293040293,0.2653602866368824,0.33664965986394557,0.29527436875514157,0.4186815860301949,0.5293040293040293,0.4651559619426674,,,,
robot_navigation,Wall-Following Robot Navigation,mlp_classifier,MLP,57,4,1092,24,0.897407431000147,0.925756186984418,validation_accuracy,5,5,0,,"{""activation"": ""tanh"", ""alpha"": 0.001, ""hidden_layer_sizes"": [64, 32], ""learning_rate_init"": 0.01, ""max_iter"": 500, ""random_state"": 57}",0.9304029304029304,0.9256845614159305,0.9268334194969308,0.926153044953894,0.9305819745965698,0.9304029304029304,0.9303914939583822,,,,
robot_navigation,Wall-Following Robot Navigation,rbf_network,RBF Network,57,4,1092,24,0.38279544500005613,0.6526122823098075,validation_accuracy,5,3,0,,"{""gamma"": null, ""n_centers"": 16, ""random_state"": 57}",0.6675824175824175,0.7042520271492079,0.6342226309739218,0.6540475448954635,0.6660594493237996,0.6675824175824175,0.6569825514152854,,,,
robot_navigation,Wall-Following Robot Navigation,fuzzy_cmeans,Fuzzy C-Means,57,4,1092,24,0.9654769710000437,0.5187901008249313,validation_accuracy,5,2,0,,"{""m"": 1.5, ""n_clusters"": 8, ""random_state"": 57}",0.5357142857142857,0.2711625205030071,0.3403061224489796,0.2999083747577723,0.4285404487529966,0.5357142857142857,0.4731508065613719,,,,
robot_navigation,Wall-Following Robot Navigation,sugeno_o0,Sugeno_O0,57,4,1092,24,0.25082531299995026,0.536205316223648,validation_accuracy,5,4,0,,"{""n_rules"": 16, ""random_state"": 57, ""sigma_scale"": 1.0}",0.5512820512820513,0.2760320540657909,0.3490079365079365,0.30774666441835463,0.4351397367695815,0.5512820512820513,0.4855653504853597,,,,
robot_navigation,Wall-Following Robot Navigation,mlp_classifier,MLP,58,4,1092,24,2.8151928820000194,0.928505957836847,validation_accuracy,5,3,0,,"{""activation"": ""relu"", ""alpha"": 0.001, ""hidden_layer_sizes"": [64, 32], ""learning_rate_init"": 0.001, ""max_iter"": 500, ""random_state"": 58}",0.902014652014652,0.9027169183526449,0.8920873183997108,0.8972233150001696,0.9019077100466034,0.902014652014652,0.9018258646429974,,,,
robot_navigation,Wall-Following Robot Navigation,rbf_network,RBF Network,58,4,1092,24,0.3355478790001598,0.6691109074243813,validation_accuracy,5,3,0,,"{""gamma"": null, ""n_centers"": 16, ""random_state"": 58}",0.6648351648351648,0.6525490173584326,0.6277129186552595,0.6286700871742475,0.6549839097861188,0.6648351648351648,0.6523799507463558,,,,
robot_navigation,Wall-Following Robot Navigation,fuzzy_cmeans,Fuzzy C-Means,58,4,1092,24,0.8946597050000946,0.5105407882676444,validation_accuracy,5,2,0,,"{""m"": 1.5, ""n_clusters"": 8, ""random_state"": 58}",0.5293040293040293,0.26618231196686837,0.33616780045351474,0.29602541014094097,0.42035537462838546,0.5293040293040293,0.46687157481739233,,,,
robot_navigation,Wall-Following Robot Navigation,sugeno_o0,Sugeno_O0,58,4,1092,24,0.2661651559999427,0.535288725939505,validation_accuracy,5,4,0,,"{""n_rules"": 16, ""random_state"": 58, ""sigma_scale"": 1.0}",0.5631868131868132,0.28163382729386344,0.3573696145124716,0.31490603435618847,0.4442361436032322,0.5631868131868132,0.49651948770653803,,,,
robot_navigation,Wall-Following Robot Navigation,mlp_classifier,MLP,59,4,1092,24,3.156671367999934,0.925756186984418,validation_accuracy,5,1,1,Stochastic Optimizer: Maximum iterations (500) reached and the optimization hasn't converged yet.,"{""activation"": ""relu"", ""alpha"": 0.0001, ""hidden_layer_sizes"": [32], ""learning_rate_init"": 0.001, ""max_iter"": 500, ""random_state"": 59}",0.9194139194139194,0.9103301029966485,0.9141845508669949,0.9122195828009099,0.9194442563626397,0.9194139194139194,0.9193885976757831,,,,
robot_navigation,Wall-Following Robot Navigation,rbf_network,RBF Network,59,4,1092,24,0.3408428499999445,0.6672777268560953,validation_accuracy,5,3,0,,"{""gamma"": null, ""n_centers"": 16, ""random_state"": 59}",0.6703296703296703,0.6879885172405878,0.611680867898596,0.6361861284805751,0.6664304015261894,0.6703296703296703,0.6601546113887093,,,,
robot_navigation,Wall-Following Robot Navigation,fuzzy_cmeans,Fuzzy C-Means,59,4,1092,24,0.8379098590000922,0.5316223648029331,validation_accuracy,5,2,0,,"{""m"": 1.5, ""n_clusters"": 8, ""random_state"": 59}",0.554945054945055,0.2824682901383703,0.3524092970521542,0.3112105141073763,0.4467101678521347,0.554945054945055,0.4912375950143231,,,,
robot_navigation,Wall-Following Robot Navigation,sugeno_o0,Sugeno_O0,59,4,1092,24,0.22982193699999698,0.5334555453712191,validation_accuracy,5,4,0,,"{""n_rules"": 16, ""random_state"": 59, ""sigma_scale"": 1.0}",0.5622710622710623,0.2836371675396232,0.3571428571428571,0.31460307776457097,0.4480948444114216,0.5622710622710623,0.4962557559408268,,,,
robot_navigation,Wall-Following Robot Navigation,mlp_classifier,MLP,60,4,1092,24,2.9822727670000404,0.922089825847846,validation_accuracy,5,3,0,,"{""activation"": ""relu"", ""alpha"": 0.001, ""hidden_layer_sizes"": [64, 32], ""learning_rate_init"": 0.001, ""max_iter"": 500, ""random_state"": 60}",0.9075091575091575,0.9006619267251764,0.8993018909757291,0.8999229034078947,0.9074420139901703,0.9075091575091575,0.907390859988787,,,,
robot_navigation,Wall-Following Robot Navigation,rbf_network,RBF Network,60,4,1092,24,0.3071972800000822,0.6416131989000916,validation_accuracy,5,3,0,,"{""gamma"": null, ""n_centers"": 16, ""random_state"": 60}",0.6721611721611722,0.6707535225901333,0.6423279985457265,0.6418121762411966,0.6690601617243248,0.6721611721611722,0.6611336730901948,,,,
robot_navigation,Wall-Following Robot Navigation,fuzzy_cmeans,Fuzzy C-Means,60,4,1092,24,0.7865543499999603,0.5050412465627865,validation_accuracy,5,2,0,,"{""m"": 1.5, ""n_clusters"": 8, ""random_state"": 60}",0.4981684981684982,0.24837555325360205,0.31527777777777777,0.2778067789133152,0.392200663542127,0.4981684981684982,0.43880088002578993,,,,
robot_navigation,Wall-Following Robot Navigation,sugeno_o0,Sugeno_O0,60,4,1092,24,0.2327155139998922,0.5334555453712191,validation_accuracy,5,4,0,,"{""n_rules"": 16, ""random_state"": 60, ""sigma_scale"": 1.0}",0.5274725274725275,0.26704048206274145,0.3355442176870748,0.29447745802039704,0.4218327047937793,0.5274725274725275,0.4641667688068199,,,,
robot_navigation,Wall-Following Robot Navigation,mlp_classifier,MLP,61,4,1092,24,3.150209096000026,0.9248395967002749,validation_accuracy,5,3,0,,"{""activation"": ""relu"", ""alpha"": 0.001, ""hidden_layer_sizes"": [64, 32], ""learning_rate_init"": 0.001, ""max_iter"": 500, ""random_state"": 61}",0.923992673992674,0.9238623963885585,0.9165701003910987,0.9201436247643188,0.9239971409811464,0.923992673992674,0.9239504171745359,,,,
robot_navigation,Wall-Following Robot Navigation,rbf_network,RBF Network,61,4,1092,24,0.3083347120000326,0.6782768102658112,validation_accuracy,5,3,0,,"{""gamma"": null, ""n_centers"": 16, ""random_state"": 61}",0.6446886446886447,0.6509089603519354,0.592593634611707,0.6111059002671335,0.6386928419366709,0.6446886446886447,0.6349590907259254,,,,
robot_navigation,Wall-Following Robot Navigation,fuzzy_cmeans,Fuzzy C-Means,61,4,1092,24,0.7448678150001342,0.5462878093492209,validation_accuracy,5,2,0,,"{""m"": 1.5, ""n_clusters"": 8, ""random_state"": 61}",0.5274725274725275,0.2663854551401742,0.335062358276644,0.2951704085047451,0.4208875042066407,0.5274725274725275,0.46561748625740473,,,,
robot_navigation,Wall-Following Robot Navigation,sugeno_o0,Sugeno_O0,61,4,1092,24,0.22947666000004574,0.5664527956003667,validation_accuracy,5,4,0,,"{""n_rules"": 16, ""random_state"": 61, ""sigma_scale"": 1.0}",0.5485347985347986,0.2742626932159725,0.34798752834467117,0.30672511736990715,0.43254058361132214,0.5485347985347986,0.48362937089342484,,,,
robot_navigation,Wall-Following Robot Navigation,mlp_classifier,MLP,62,4,1092,24,4.341674966000028,0.925756186984418,validation_accuracy,5,2,1,Stochastic Optimizer: Maximum iterations (500) reached and the optimization hasn't converged yet.,"{""activation"": ""relu"", ""alpha"": 0.0001, ""hidden_layer_sizes"": [64], ""learning_rate_init"": 0.001, ""max_iter"": 500, ""random_state"": 62}",0.9139194139194139,0.9087243106999946,0.9086827687516156,0.9084201273446759,0.9140921041883556,0.9139194139194139,0.91361027765445,,,,
robot_navigation,Wall-Following Robot Navigation,rbf_network,RBF Network,62,4,1092,24,0.2766167620000033,0.6498625114573785,validation_accuracy,5,3,0,,"{""gamma"": null, ""n_centers"": 16, ""random_state"": 62}",0.6620879120879121,0.668846018212943,0.6290847324410147,0.6361579003350277,0.6557522676855951,0.6620879120879121,0.6502037410185567,,,,
robot_navigation,Wall-Following Robot Navigation,fuzzy_cmeans,Fuzzy C-Means,62,4,1092,24,0.9218194949999088,0.5160403299725023,validation_accuracy,5,2,0,,"{""m"": 1.5, ""n_clusters"": 8, ""random_state"": 62}",0.532051282051282,0.27564929480564154,0.33857709750566894,0.2979576355815025,0.43614220317006697,0.532051282051282,0.46999371678661883,,,,
robot_navigation,Wall-Following Robot Navigation,sugeno_o0,Sugeno_O0,62,4,1092,24,0.2460141230001227,0.5490375802016498,validation_accuracy,5,4,0,,"{""n_rules"": 16, ""random_state"": 62, ""sigma_scale"": 1.0}",0.5521978021978022,0.2765528260773795,0.3511054421768708,0.3082057899980243,0.43627585023967835,0.5521978021978022,0.4855526514991064,,,,
